Text,Label
جرم هرم,0
ولل نجم انت وحد الل بيغ مصر صدق ربن يحم برو عيد حرر سي,1
يوم حلو ناس تحب عمر هتقدر نسا,1
صرف قدة أردوغ مصر,1
الى عبر اخو سلم شهد الن ضحا عدء اخو وحش ريء سري ساذ وئل برش اخو جرم,0
شوف عقل فكر حور عضهاد حلو دي كله,1
عبر اسا وقف شفق لحظ فخر ارخ متد فخر أولاد أحفاد عند وقف امم صبي برك كشف امم شعب ضطر شير الى طرد,1
دير جمع امم نكر ثنء ردغ عبر ترك دول فسد فسق فجر نشر رذل عسر سعد,0
وظن يرب ظنا جمل برك,1
شهد اخر كلم سد نهض نبغ مصر فعل,0
نظر لأن اجد شيئ اخر سلي غيب عرف ليل,0
فكر قال حلة أسلوب وصل فكر حلو نقص شوة مثل أكد معنىبس الل ينر,1
هنئ حزب وسط دكتور عبد فتح اضي بتع رئس جلس قومى شبب منى وفق,1
حيو جرد انسانيته برر قتل جرد خلف عهم ربع عدي حيوااااا شغل مخك,0
راهيم صلح ضحى ملي هلل عودى او تحد جدة إختار زمل زملكاوى,1
درس ارخ عدء مصر بدأ دائ ضرب سور عدء شعب ورى همج ربر يجب سمح مصر,0
حذر قوت امن لسك ربع ظاهر فض عصم سدة حرم,0
ولد وسخ ثور نرن وسخ,0
فدت كتيير اوي حلق هرد علم اول مرة سمع برك الل فيك صطفى حسن طرق الل روح عبد,1
قول شيخ علق حمد رمض اجد عبدالل لبد ان تكون قنة ريض تخصص لنجوميته بدع قدر ارخ جيد لوط لند,1
شكر عدل,0
يه يه يه ىء,0
عظم الل يقض حئج ناس علي يدك فكر اخر انس سعد,1
نبض اخو زوج امر مصر بطل حشد هئل ثور طرة شبر خيم جمع,0
لهم رزق نعم جنه امن,1
صار اخو فرح قوي بلب احن نزل شرع هنربيكو فهم نهم نزل عمل وقع جمل جدد قتل ناس انه هتخلص,0
عظم شبب الل حرس دخل دلق ضد دخل قرر لسة حرسو برض عاش,1
عنى حقق وطن عنى حقق ضحك صفي بسم,1
تحة صحف دستور شبب عصم حق شعب صحف حرة تمس بقد وطن راهيم عيسى دستور كصحيف قلة,1
رب حمد جمع شمل اسر,1
علم وعي وسف,1
قال رئع خلد نصر,1
ا اك عب ا اك,1
شكر لكل شرك رنمج نتم شركاء فرح احس فرق عدد خرج ناج كتب فخر شغل معا,1
تدن صحف رسم حزب خصة رتب صحف صفراء بحث فضح زكة شعر نقم ثأر,0
يظن انه ربم يكون رصد حيط حذر عدم بيت نزل اليوم شرك نشر حذر,0
حرة عبر تضم حرض عنف فتن طئف خطب كره,0
حمد مطر ربع ربع عدي جزر ربع جزر سيس مصر,0
يخى فجك دول تحب قدم كده نوب,1
عود مرة خرى قهر سحر,1
جمل ماشاهد حيت كبر نجم هوليود وهم عالمسرح جمع لقر كتب هرد زن ارخ شعب وصل ناس,1
شرط ركي اليوم فرق ظهر ضد ردغ قوة بين ندد بفض عصم ربع,0
خير نصر احن لوك حجه فى مصر هلى,1
يوم قلب اسأ يوم فى سنة انه يوم قتل حشى قلب حول حضر مصر فى عين علم الى حقر,0
مكن امك تكون تحب فسخ عيل وجز الل ابك يعن مش حبو وتك نفس ماتكلوش عشن ديه لأم ثلي,1
وقف نفس اعش جوز وقف نفس اعش رتي انا رأى هاشتاج دول طلع جمع قصر ريس بمليونية عيز,0
عرفش شكل انك كلم حمل سلح اسس حجة بسط كنت بمش حصل ضرب طوب تقل سلح,1
وسف حسينى تبع ايم مايحدث قبط فى دلج طلب سؤل دخل يوم يطر شرط جيش,1
قحمو سيس قذر كور جماهير,0
حرك كيد مصر قول كلم سيس وخد ولو هده يسى زعيييييييم أنتخب سيس احن شبب هنصو يسى,1
وعى نسى عاش رجل ومت اسد,1
جزر حجة جنب قنت شملول اون تى فى الى وقع كرث حدث سبق وقع حدث,0
تحه لمن حفظ مصر كرم رئس حسن برك انر ساد رجل قوت سلح شهد حرر ينء,1
فضل سلم انه كرم رأة أكد سان أهل كلف سئل جزء دخل جنة,0
فجة زدد شعب حكم بد جاب حسم وضح طلب ثور,0
قتل جند فى رفح رهب نظم دين خلق نمء وطن فى ينء ودى رهب ومصرالواحدة هزم رهب,0
سؤل برئ بتع يتر ايه فرق بين وبين سبو دلق يبن مره روفايل عره,0
يتم نفذ قان مرء سعد سجن سعد ليئ آلف ظلم جرد نهم سعد خصم سعد نحب مصر,0
جزر ظهر سجل صبح رأه ظرف كانت ممه فرص ليك حرم مصر علم خبر وطن ربع شرق,1
ربن يبر يكم,1
لجن فرق وزد ثال صرخ نظم يقم وأد حري كسر حجز خوف,0
دمحمد جدي يشد إنجاز برك كتب نخب صرة حكم مصر قطر امر سعد بحر لبن,1
زملكاوى انا فخر ليا,1
عدت اسماعلية قلل يوم حفل ختم ؤمر جماهير دفء شعر اهل اسماعلية هون برد لجو,1
كلة غفر الل عظم عيد عيز عمل دكتر شغل علي زاج فنن طبق دمياط,0
قرر رئس قلب علي ديمقراطية حكر كمل سلط وطن بحث حلل دفع رئس زيد شكل ثور قبل ديكتاتورا جدد,0
حنا صوت سعة حبو دنا سكت كاريوكى,1
شهد تمم رغث صطفى سعد ذكرى ولى ثور فى اخر كلم,1
زهر ده كنز كنز مصر علء جمل برك ورء نجح دور حوض نيل,1
شكر دعم,1
وجد تير بقة شعب عظم ثور,1
رسي فتح نفس فتح ضنك بذت رئس دي ده ناس هيبقى كيف شتم كده,0
صرف نظر شغل اي حجة اني بحب فيف عبد ان الل قلب علي لسن لهش نفق زي عظم وسط فني,1
جيش او شرط او صار يسى بقى فى دهي مصر ليل,0
اتم يكون صبح كله فكر عمل اجل ندي عظم زمل فرق,1
رسي عطل قان يشق وطن خطر صلح عام مرر دستور خدم صلح جمع حتة زنق خضع لأي رقب قان,0
قطر رفض سلم شخص قيد اخو سلم جمل همة عظم وقف شكر,1
سعد مرة وحد أظهر رمض ستكون ساذ,1
صفة كتب رشد جمع بحث حكم حكم دستور رسي وخد بكر رضي,0
تدع دين نشر كاذيب اكن عضا وطن نتم تجر دين,0
يسى هايصالح حمد عز وزن هاياخد عيل يرب علش فرغ خلف عيل اني جيش قتل رضا حمي حرم داخ,0
الل خرب سيس كهرب قطع هوب فلل تيل نخب عرص رسي رئس,0
انا بحب اخو,1
وقف نفس اعش رتي انى اكن امم صلى,1
ألق الم خفي تحز رده جاعلو رسل اية بعث امل,1
تحمس جدا شخص جدد حمد عما نجح شخص وسف ولي ليل جمهور,1
عظم خوآ مشاركوش هشتاآج مسئ سيس بكد بقى اخو بعو مرت مره حمد حمد ومر هشتاج هشتوج,0
امر اليوم محل لون صحح ضرر بنء ركز الة جدد امر عرب,1
عقل فتي عما رفض قلب جرء خبر حمل بعض صرف عكس وضع قلب وخس فذو,0
كبر خطء نصر عدم سيد قطب فكر يتم وجه فكر عدم قتل صحب فكر فكر يزد فكر ان,0
ههه الل رحم عمن عمر,1
طفل دول مش طفل ظظ بوع درس هههههههههههههههههههههههههههههههههههههههههههه,0
قال عمرو حمزاو رحل جدد زيف وعي سمع وقع قرأ,0
وسف حسي فضح كذب قنة جزر كشف مثل اخو دور وتي شرف جزر,0
ناس كتر قعد يتر تحس انه ناس فضي تهر خلص رار طفح,0
عرف امه يوم سنة فهو عاق يصل يهد يبر يوم عنى لـ عيد لأم عند فعد لأم,0
خلد علي رفع سعر غاز جرم سيس,0
رحم ونر يفن مصر عظم أعذب ناس أجمل أطب,1
رجل كرم الل صهر كرم خلق مرت زهد مول تجر طمع رضة الل كانت لئك سحي عثم بن عفن رضي الل عنه,1
عمل ايه ال حبت للى قلب خار عمرو ديب,0
سمة غرب شرف دفع كتب سخر عرف ساذ سمة غرب فى قضا رأى لتى يحا ايم,1
خلق جمل كرم,1
بلش خيل ريض ده وكف عدء وكر اخو,0
رحم الل ساذ سلم حمد سلم قلم ضمر سان سمح وحب ساا علم كتب ومن كثر فقد مصر لحظ صعب,1
رجو نهض قدم شخص عقد نحل خلق تضع ولب جيب,0
درا رمض صرة كبر كبر,0
لمذ يأخ تهم إثر فتن عند طلب حمل رسي سئل سيس كنا فعل سوا ايم برك مش عرف قال اقل كده,0
تهم عصم عري حزب حرة عدل إحداث فتن قتل إصب صري,0
يوم ارض مجد مجد لمن قوم بامعائهه خاي سمر عيساو,1
كنت حسه ان دور عالشعب قرب ندل حتبق اي جمع وأي كان سفل رهب,0
شكر ايت رأة جعل علم جمل روع تخل حلم حقق اليوم علم رأة ريتو,1
مواليد برج اسد عجب صدق,1
تصدر كلم نصر شبب هلل اكش دور شجع ندي بدن عصب رنمج ايف رئع,0
مبرووووك ارز فاز بجز سكر دئه رئع عدت فلم,1
ولغ ابن كنيس جمع وبو قلب وعو فتح ليك ورو ورو,1
ؤمر نجح حزب وسط سوس كلم عصم سلط قطع حضر صفق عدة رات,1
زي نهر طفل نفل يدي ضلم شقشق شفت روح لحق سلل صرخ وفي وش خرس نطق عمر فؤد حجج,0
احب ربي جمل الص فات كرم عطا جزل اله فأن رحم لطف حلم وأو ـل ـم شتت احب ربي,1
عشن خطر اسر متحوطيش خوكى صغر فى طرح,0
ريض قصم فضي هلل سعد نصر نصر هلل بدع زلف حفرالباطن مكة جدة,0
ـلب ـني مـناامـ عـقل ـوهتـ اتج,0
منا حرم قدر خلص نظف ونق رئس زرء مصردهشام قنديل عذر هشم قنديل رسي رئس نخب عرص صاف اخو,0
انت سجن قيد عرض تحل الى بنئ وبن وزج مصر ولن شهد قمع وشيطانية نرى عصب قلب,0
اسكندرية حطة رمل زمن دلق داي جمل,1
خلق جمل حرم كبر عطف صغر,1
منا حرم قدر خلص نظف ونق رئس زرء مصردهشام قنديل عذر هشم قنديل رسي رئس نخب عرص صاف اخو,0
بسط دستور ني بطل لذل فهو حتم يقد بطل رسي كذب صري مرر دستور يمكن فلح كذب,0
منى ان تكون قوى سلم ليبرالية يسر رغب فعل شكل قئم وطن وحد لخض نخب برلمانية قدم,1
قصة كفح حقق لشب صري حفظ فيم رغم عقت تحد ظرف حمد كيل حمد حمد ثنء طفل,1
صهي يتب اليوم ذكرى هولوكوست تنس بان بطل هولوكوست لسط دعم هولوكوست سور طرق خدم بشر اسد,0
نصر الل,1
تظر ندة وقع ولى لـ ندي سير لدكتورعلاء اسا بدر وبر صرة جمع قدم بإذ الل,1
ودف,1
عمر جبر ننا هيه هيه زملكاوى زيي هيه هيه لعب عقل ترس,1
وكان حصر ظاهر واستئجار لطج ضرب قتل منع علج جرم حدث ولم ركب احد نفق رخص,0
عار عشن سنن طول لخص يدو,0
هنئ دكتور حمد رسى بفز رئس جمهور مصر عرب كأل رئس خار شعب صرى منى وفق سدد,1
جمع اقل ورز ادر لحظ نعم ورز مرة خرى مجد كدح لقد ولى زمن نخب,0
ردع قال علي رمز مصر الل يقف عهم زبل سيس قال لعم شعب نتو نور عنيناعلش كده أنتخب سيس تحا,1
بيع حرت عشن تعش تكل دي خسرو فيك غلء غاز بعد بنز ومش هتقدر فتح بئك,0
للى مات فى رسعيد عشن رجل قوم عسكر جبل,1
يوم يوم هام شرع علم قوة هدف جذب وتس امي دخل فصل يوم طرق الف,1
دير جمع امم نكر ثنء ردغ عبر ترك دول فسد فسق فجر نشر رذل مكة سعد,0
هدء امى غلي,1
تحة رئس جمهور زول حاز قرر عدة سفر بلد قهر لثر مصر ارد شعب أكد تان عمق علق شعب,1
غيب عدل فى طنى بشر فجر غضب ركنى شعبى سقط حكم عسكر دخل لطج نخب عرص,0
حقق بشر مصر قلب يسى خابر خطف رئس نخب ستع حلفائ دعم سلح صدى سلم,1
علم عار دعى وطن خسر مصر غنا يوم هجم حمد وسف بطل علم كونج ردء يشر,0
فش لغل يؤد قتل نهي انت برل بتع حري مانبهتش لكد بقى وصل خلق سلم,0
لوى عبر اخو جمع رهب قرر يسى وليس قنن نقذ رقب حول جرم دمء الف رقب شركائ,0
ظهر سفر امر عهر خلج حسم رجع قلب عسكر,0
ازي فرض انه حرف سيس حدث صلح قدر رجع ناس الي قتل أهل كدة تعن,0
عبد نعم فتح بعث هنئتى وتح الى شبب ثور دفع رار سير ثور,1
قلل هيعمل وقع بدل تيب هيسمو تيس هيبقى رقب خرف,0
حجة تهل حمد حجه حيت اكد,1
نقس خطر نبغ يدق لدل ترخ بتت ؤسس حدد فعل,0
لقد قدم قضة مصر وقا سلح رفع مثل بذل تفا جاح عمل انتخابية تأم ردة شعب ولن تنس مصر,1
ذيع حرم بتع مصر يقل ظهر شبر هتف طول عرض حنجيب سلم ارض سئل دخل دين صرع سيس,0
قصه قصر عرف ربه أحب فعش سعد,1
رغم مايظنونه نصر بدو اخو حلفاؤ عصب جدا حدث نخب عزل ومع نهل شتم تخو وكل مايشغل قمع خصم,0
سكت لحق جبن مال شئء نفع فى خرفم يقف حيد لحق بطل فهو بطل أكد,0
دكتور عبد نعم لحم كتف خير ابن مصر سطء حيء فقر ضفف ترع,1
شهد اخو حل رلم قلب سير ديموقراطية,0
شهد اخر كلم سد نهض نبغ مصر فعل,0
جزر حجة جنب قنت شملول اون تى فى الى وقع كرث حدث سبق وقع حدث,0
عند سمر قضء حقق بلغ عبث هدف الي شوه عرض وتن بدن عقب قدم فنح نضم إمتياز الي قئم نظم ولس,0
شكر جزل,1
حمد ادم بقى بضن فشخ مش لقي بسم وسف,0
جيل الحالي ثقف تفتح يحس فهم ناس سدة حرم,1
نظر وجه لأم عبد,1
يرس طلب منع ظهر نهى وقح احد كبر لصص فى ارخ مصر,0
قلب نهب مول ناس بنك وغد رحل يتر جمع خرب يرد ناس مئذ فلس,0
شهد ؤلم لاستمرار جيش صري فجر نزل هلي رفح ينء حسب الل نعم وكل,0
مااحلى شعر دفع ياقنرررزز رسنال,1
حال رقع مرة دستور لطى تسر فى تجه عكس ديمقراطية دستور ؤقت بدأ فى صيغ دستور ديمقراطى دخل ديمقراطية,0
أصو بلا عدل دستور سقط علش دخل تاه سيس ودستورية وهي نكس ديمقراطية,0
خلق جمل نقل حمد لله حجة لأن ربن مش عمل حجة وحش,1
رفق حتى لين يدو,1
مصر خطب دعي حرض نمي رحل ستن مصر تعد ورء رئس حكم وقف مجد سيس جرد,0
لهم حمد رضى ولك حمد اذا رضت ولك حمد رضا,1
بسم امل هدة لعد لحب لحا,1
رحم الل نضل عظم صطفى عبد جلل عمد ثور ليب,1
انت طيب شعر رئع,1
قان منع تظاهروالاعتصام زمع صدر حسم مرأمام تردد بأن نجه سلط قمع شرع تست بحر كرم حقق صري,0
غيب عدل فى طنى بشر فجر غضب ركنى شعبى سقط حكم عسكر دخل لطج نخب عرص,0
عصم كري طرب حجب,0
عرف خطأ خلق جمل,1
حشد رئس رسي جماهير سقط اعل دستور هتف سقط حكم عسكر يشد رئس اليوم دور رئع جلس عسكريتناقض ؤسف,0
رب عبد جلل عمر جعل جمع تسم دنا أدخل سرر قلب لهم جعل بتس عند سرر جنت,1
سور فى قلب وضع قلب عرب سور يمن صومال مصر ولب ونس بحر كوت بلد عرب ال,1
معز مذل قصة علي عرض سجن الي وزر دخل ونس,0
حكم حلي قدر تخذ قرر وهي حكم رعش,0
بعد حد فشل رئس كذب إخلاف وعودكثير الل تسم ثور ضاد كان بيحترموه يتم نجح سبد,0
دخل فشل بتع وفق حضر جمهور سن سنه ترس ركب دقن,0
قلب نهب مول ناس بنك وغد رحل يتر جمع خرب يرد ناس مئذ فلس,0
جعل محن لهك محن الل بعد شهر طين محن يفر وير عشن خطر اسر,0
سعد حتج خلق جمل,1
نخب مصر لزم يغر فنل عتو عشن مش ليق شيكابالا,0
سنن حله عدى قوم نتآ اسم فى آرخ نور كتب ريك,1
شكر حضر دور علم واقتنعتأ صلح أكتب ايرض ضمر علم الل,1
جلس نقل ليب كرم قنة اون فضي صرة عبر فضل قنة فى غطي حدث ليب,1
سلم روح نئب عام,0
راهيم عقل وذج,1
كرم الل رأة خصه ذكر كتب جعل عى وأل سلم وأل شهد وكل ولو رفع قدر شأن,1
حلا لأل مره حيت تشرف اني اكن دين حله كبر أحياء احد فرح قلل,1
سلط مرس اجر سيس ضد قرء,0
خلق جمل عند فضح احد صدقاء سرر تقم انت مثل,1
ملي صرى دفع فتر كهرباء قلب سقط صبر ثبر حشد هتف سلم سلح,0
ونس سور فى قلب,1
تحة لقض مصر جلء دفع حقق شعب صري وحر تمس بدأ قلل قضء,1
صح,1
صاب وفة نتج عذب منطقتى ربع نهض,1
قرآ رفع ناس جعل دنا اخر على قام,1
غام وزر بهج بلل فضل,1
طرق زمر توى رهم ترج غصب امة سلط,0
بلش خيل ريض ده وكف عدء وكر اخو,0
سلم خطر بطل,1
سيس جاب كرم حفناو اخر تصر معا نخب ابن صهو,0
انا حسس ان نكه شوه تنى هتوصل ناس تقل رعى فرق ورز للى ينى وبن سمح,0
حمدلل علي أهل لدر جمع كونفدراليه فوز لفز ان شاء الل اهل عمرو جمل شعر بـ حلة متز,1
قحمو سيس قذر كور جماهير,0
نخب أخر كانت خير مر,0
سلذ أحلام طعم لحب حضر قبس صمم يسي,1
رحم الل سيد نصر حسن غفر الل وأل اسر صبر سلو,1
جمل ذكر طفل انك تنم كان نزل يقظ وأن سرر رب رحم ربا صغر,1
حرم لحق اهم حرم قان سبل جعل قان نصع لحق حرم ناس,0
اسف ريس رغم نمئ اخو انن ابن ثور حرة لذلك رفض سلط طلق رئس كانت سبب وأي كانت مدة,0
اخو غبئ دمر نفس ذات تعط قبل حية تخذ ثلا على مرس فشي عنصر فسد نصر بتب الب,0
عدء قلب لكل علق سلم فظع صلب جدد سمء وجه جدد,0
حبيتل حب حنن صحبتل صحب مالهاش امن رحت حكم كتر ولق وتى ان للى جوه قلب مش لسن عجبى صلح جاه,1
بيع تبع سعد كوت رشلو نصر هلل تحد امر ريض دمم بوح عمن دبي جدة,0
صحب سمو تحل نئب عام خئن عام وأم دول صنع كذب كلم دول ؤسس شلة عصب سند وجد سمك,0
فى عظم لقتش كتييييير كسب فرح لاي هلى,1
عبد نعم فتح قنة حرة ضد ظهر ماسبيرو ضد ظهر كنس,0
راهيم حلب هايدخل ارخ هايحل شكل سد نهض إبقو كرو مدرستى دى اسل قدم هدة مصر خرج نجح,1
لبد سرع نقل وعي نخب وطن كثر ناس علم قعد نخب وكف خير قئم حزب فرد,0
حمد لله بسم قمت سلم ورب رزق بند,0
عود جمع اخو حية سيس نفس وضع سبق حيل طرمخ جرم اضي جعل قدم شبر,0
ؤكدل لخو برح فى اسكندرية معا واع حةمش سلميينإلاخو جمع رهب,0
زي نهر طفل نفل يدي ضلم شقشق شفت روح لحق سلل صرخ وفي وش خرس نطق عمر فؤد حجج,0
سمو خلف سيس حزب على فقط صلح وطن نصر ثور وست مصر قوة بإذ الل,1
طبع رئس طلق جمع لطج عتد سحل ضرب بنت بلد رئس فقد شرع تما,0
رحم الل حضر غئب يقو نضل طينى حمد درويش تحة دعء فى ذكر,1
جمل رأت عين عرض كتب,1
ادء خزي بعض شخص كنا نسم قلة يثب امر انه أخذ فرص نفق بار لأن كرس كانت حجز,0
عنف دان ضد شآت ضد جمع محا قسم شرط مقر علم حزب كإخو اون لين جهز مني ظاهر,0
عيد لأم يكف بقء امي يغب حب امي تغر قلب امي غبت قلب وهم حضر,1
تمم همت كعضو لجن حكم هرج ينس اليوم شهد عرض ورض شكل عام نتج اوريزونتي تعل ختم كمن ساع,1
دعلاء اسا لمذ حرش صري نسء قرأ قال كمل,1
ورث هرم قلب ظلم جمع عدل,0
فى لفت جمل عبد نعم ابو فتح امس زير فجئ تطع فى مقر حمل شرع رمسيس,1
برك برو لكل زملاء شكر سهم جاح جاز رقي اليوم نقب صحف,1
انت مش ضطر تجز طرق بضن دي انت بني ادم سوء كنت جمع او طوئ صدق دي اسأ طرق مكن تجز بيه جوز,0
انا صرى ضد فحم وقف فحم فحم لية صلح مين يتم خدم فحم طبع صلح صحب صنع اسم,0
رسى الذى فى خاطرى فى دمى احب روحى دمى,1
حرك كيد مصر قول كلم سيس وخد ولو هده يسى زعيييييييم أنتخب سيس احن شبب هنصو يسى سور,1
ؤسف ان رجع رئس وعد لقد وعد رئس رسي صري إصلاح شكل لجن دستور ههو رجع وعد نقض عهد شيء عيب,0
خلء سبل قتل ربع بنت بتع نصر فرج تهم جرم قتل كفل عقل غير بدن جرر,0
هتحب حرم فى وجد او غيب,1
راهيم حلب يعل فتح خط طير قهر جام عصم تشد اغسطسويكلف وزر طير تخذ جرء,0
جيد تنع ارء حول سيس وقض ضرر يتم عبر تنع علم قلد وشب,1
دفن قهر عدل حدث فى طار قهر شرط منع وئل حقق رحب فسح تأخر فشل,0
درس عرب ريف دعل حمد حسن ستر مدح بييدعيلك برد,1
رفض كلف سئل فتر انتقامية سبق,0
عسكر كبر عبدالفتاح وية,0
ملي صرى دفع فتر كهرباء قلب سقط صبر ثبر حشد هتف سلم سلح,0
شهد اخر كلم لمذ لين جمع ولد شهداء,1
ؤمر رجل شجع امن حكم ردغ خلف اية انم ؤمن اخة كتب هيئ شرة ربع,1
هيئ مستشارى قضا دول رفض عدل دستور ؤكد انه فتح باب فسد شهد شهد اهل,0
وفق عكش مش عرص ليه نخب عرص,0
يقة الل يقة شعب,1
رسل اسكندرية صدقى صبحى قوت سلح تظل دائ درع وقي لهذا شعب عظم,1
شهر ؤمن علم ريض ارد نضم الى قئم اهم علماء ريض علم تخر علمائ برك ارد ردن,1
جيش خئن جيش يشه رمز سلم سقط حكم عسر,0
لوى عبر اخو جمع رهب قرر يسى وليس قنن نقذ رقب حول جرم دمء الف رقب شركائ,0
عيل اخوانجية سفل عمل ولد سيد شير يسى فى حلو طبل صاج,0
ندن عمل عنف لجت عنصر خرب حيط بني جمع دول عرب سدة حرم,0
حرش جنس ظهر وجد الا جمع همج ختل قيم دين عقد عمل وليس فقط طقس شعر يجب ترق عقب الي ستي جرم,0
رعب دمر حمد صلح لعب صلح,1
عيز اقل بحب زمن جدا حمد حسن,1
ادر حقراء حقق اوب وعا خلف دستور يركى وتم صرف سعد عسكر مصر رغم قلب,0
كله كتب فــ الـ ثني ثني بقت وضه,0
سعد بذت فرح عين,1
تحة رئس نخب عرص خلك صدق ثور وان مافتحوش ميد يوم جمل,0
الي حمد صبح عوز تحا سيس يبق رقتش كتر الل حكم سلم خطر نقط مصر نخب رئس اليوم سبع,1
وطن خرج تدن عدء اسرائيلية مصل سجد قصى,0
هاهاهاهاها,1
شكل وسخ مرج تشف تحس انه هرب رشح ردم,0
يزة وحد حزب نور وفر ادة جيد رنمج انا بقل ان بلد اهم رنمج,1
كيزاد فضل نصة أسس عمل نطق امر عرب,1
اليوم غسطس شهد بطل عملاق فكر سلم سيد قطب ان عقل عبد نصر قتل ظلم,1
وحد الل جمع بلش اشع فجآ عشن مش عيز حبط حكي ملف عقد هنحاول فهم,1
امن امن حكم عسكر صبح فعل ضحوكم علم نخب برص,0
خير فرح امل جمل حريةو سلم نهي احز مصر دنا,1
يدو فعل ؤلم ظهر مدى وحش بشر قدر دمر شئ,0
فضل ترق الل شغل سعة ترق ترق لغي طلب مني دقق اكن لبس نزل خمس دقق بقى فى شغل فجأ,0
حمد راض توكل لحم ربن تمم نعم علي وعف ستر آسعد دنا اخر,1
برك,1
ترك كبر قضة تهم ردغ بـ فسد ضمر عهد صون كرم ترك وحر,1
اون تى تعش سكر موت وهى تحر شرط جيش تصر علي هوء مثل قبض علي رهب,0
صفت حجز هجم شيخ سلف الل قعد بيت امل فين قول لحم علماء سمم الل قرفو بيه,0
بسم وجه ناس فإن صدق,1
امة وضع لمستخدمي نرن كلم فضح عنو يدو تيب رفع نسب شهد ضعف حقق ثبت رقم,0
اهر زين ااس شبهل,1
وقف فحم حكم بقر شوة غجر,0
عرض كتب كتب شوق قرء طلب علم لـ شيخ,1
خبر صبح هبط ورص ومى رجع ؤشر رئس وخسائرالمستثمر بهظ بكر شوفو مصر,0
كان رجل رسى رئيسى كان رجل شعب يرد تحة رئس حزم سنح كرا,1
قلت أكرر مجد عصر ليم لأن وجد رأس عرض رسي اينف عنه تهم فلل,1
وضح ان نسب لحم علماء سمم الا كانت لحم فتي شيخ زهر,0
نظر ثور جيع قرب جدا مصر ليل,0
امل كرر ايم رئس رسي يحس احس وغر اليهلكنه بدأ كذب إخلاف وعد سبب سلة دمء سحق احس,0
كار سلم عبد جلل صحب فتى قتل جيش ظاهر علي قنة جزر أقوال برئ الل ناس,0
شكر قطر دول كسب حرم شرفاء وقف ذكئ خلل وقف شعب لكل زئل بقى شعب,1
ايه كتر اغن عجب فنن غدة رجب رنمج احل مسا نجم فيف عبد نجم هشم عبس,0
با حضن غلي جون,1
كلم كدا حبه مرد شغل نصف أمانهل بقت معرصهف حدش خون يشك وقع نقط,0
جمع اقل ورز ادر لحظ نعم ورز مرة خرى مجد كدح لقد ولى زمن نخب,0
تقل أنس بسط كلم حله سعد خلق جمل,1
اليوم سبع كلب ولس تأم محن شمس جمع منع دخل فصل,0
اليوم سفل اخو حرض ضرب طبء خلد صلح رمز سقل,0
شهد ؤلم لاستمرار جيش صري فجر نزل هلي رفح ينء حسب الل نعم وكل,0
دي صفح ولى سطر اول صور حسب كرداس جيز دعو لاستمرار لين كفة ياد مصر وفي قلب ميد حرر كأكبر ضمن حقق طلب ثور عدي اشف بنت حطه مو عدي اشف صبي حاط رجل بطت جبد جرب عقل ده حلم قدم بدو انه قرب حقق بإذ لهك عند شرع سرح كام سنة فنن سهر ببل مااكتملش اسفيامسهل رشلو ريل لحب طال زمن قولل مشكوور يسي يعن ناس قعد نكر عري بنت بعد قعد برر مست نهم فجأ نفض كرم انسانللأسف كلن هندفع تمن غيب عدل بلد ضيء رشو اسأ ولى نقب صحف آمر بكر عسكر مهد جوء علم قلب وشر قتل اهم حجة لزم عرف مين سلح ناس دي شهد حلق حدي رنمج قصة دلس الف مبرررروك علم ولجماهيرهـ نصر هلل مصر قتل طرق ايم حد عمل حجة اليوم دحت خولى فى سقي فى حفل ذهب يرد صاب شهداء عدد اليوم ثاب ضرب قضي لأي خلت شرع خير حب عدس عرب وتو ولو وظب مرا ناس ريئ دبي ليك غرد بصر يسى هايصالح حمد عز وزن هاياخد عيل يرب علش فرغ خلف عيل اني جيش قتل رضا حمي حرم دخل لطج شير عرف كلم رجل ونت قرأ عصر وصل مني حدث وضع دلس إشر قال قدم لعم حمد سعد ثمر سيس دلس فكر قال كنت كتب زمن حلل غنة شيؤ صغرى عذب هابقى اعد نشر عصر عشن جيل جديدةتصبح خير ليل وسف حسي عصم قوص أمر سجن ودي نطر فجر فجأ عير ثقل سدة حرم سعة اليوم عبد نعم فتح ضيف علم حمد سعد رنمج ميد بقن ردع وقف نضف كثر بتع كبر قيد اخا سلف ده ارخ ومش هتعرف غيرو رجل ريلش كرس الل ينر دكتور عبد نعم ابو فتح اله نضم ابد انا عند بحب,1
منع رنمج رجز بسم وسف قضء غلق قنو حرم قتل حرة رأى علم حرقو,0
وئل صخر دفع صرة,1
فرح اوي بقى انت سبب ضحك حد انت عشق,1
حمد وسى طاع لرد بسم وسف وقد جعل سخر صري طول فقط رئس نخب شعب مصر,0
صلح خير قوم صلح شير,1
رغم صحف رسل ان صفح كمل كلم صافيناز سما صري حلو روح ودي كرث,0
رفض دستور ينص حكم دني عسكر,0
قدم مصر بقت بوق دلس هيكل وطل بقت اذن سمع عقل بهر وبتخاريفه وحكاياته,0
كورسير كبر وقع علم حوى نهج جمع علم فضل صنف نتع عهم عرب نهج شاركو,1
منع سما صري غنء مصر حرض فجر سعد ريض دمم قصم تبك جدة قطف عمي,0
ندى اسر جنن يدع الى سند سرى دري ضرب طعم رفض سيس عقل درى غير بني,0
حدى شيخ تجر طلع يقل كلم الل تقل قدم سفر هلي لإن عشق حرض تسخ شبب لإن ده يزد سبب,0
حبي شعآر بدر فقت حدد عرف,1
فلل صطفى بكر نسى اسم ولي امرهفيكتب ايب بدل نصر لهم تزد قلب ضلل,0
اهي علم حبة عبد لرب حبة حقق شيخ حمد عتق سعد كوت امر سلف,0
خدم سجد عمل سيس نشر عنف,0
حلى غني يتر رمض غني شير شعر سلسل حكي حية نسخ صلي مصر كلم لحب,1
خلق جمل ثقف حور قبل رأي اخر,1
يقن شهد يدو حكم بلو حلب عطو شرع قنن فسد ولم عزلو فسد,0
كثر شعر وجع تجع بيت مو بيت,0
هاشتاج صحب صحب بعو وكم قدر صفح فيس بوك يتر شاركو ربط ماع فى,0
دساتير اضة سقط لان تكن وفق ردة جمع سدة حرم,0
الق ربع سعة الأ رنمج حية اليوم قنة حية حدث قضة سءة رسل كرم صلى الل سلم,1
كرم جنزورى ستع خبر كمستشار رسل الى رجل عهد سبق ان مصر فى حجة الى خبر وأن همش ا,0
شكر جزل,0
صري يقل حزم نسف شرق يقل سير فخخ هرم يقل شنط درس قوم وقف ونت كلم,0
دساتير اضة سقط لان تكن وفق ردة جمع سدة حرم,0
سيد نبي طيب رئح صفح ظل بيد عطر سئر اليوم صلى الل سيد رسل الل,1
قضء صري اتى مرس رئس تقل يعن نتج نخب رئس بطل قضء سلط دول هكذ رسي دول رفض,0
عرض لمذ وجد يتر كذب بنت ولف طفل ماأجمل كلم عمق علق درس,0
ادة اسع أسباب خرى رفض سود بدئ دستور عمرو حمزاو بوب شرق,0
نفق بدع,0
كتر خير فعل صلح غلط مش بتع,1
ردغ عدي سلم يقد دول فجر فسق,0
انت فرح جات عند دنا تعب سعد الل بعش حبب انت سبب ضح تك عقل جنن حنن الل عين شير,1
امة وضع لمستخدمي نرن كلم فضح عنو يدو تيب رفع نسب شهد ضعف حقق ثبت رقم,0
طئف برر بدد سئر ركب اخو دفع اعل بدد شتر جرم دستور تفد بهلوانيت اليوم,0
خلق جمل انك تحس عمل اسء الك,1
هنئ خون قبط خير انب ضرس ببا اسكندرية طرر كرز رقس بنء وطن حاج جمع معا نبن مصر,1
شــايــف طريقـى اخر ــر مش ــا للى عيـش مكســور ماوصلتش رضو عدى هاعيــش حيــاتــى هافضــل راضــى كاريوكى رئع,0
سلم خلف حق ولي امر علي جمع ندع ظهر غيب شفء عجل لهم لبس شيخ خلف ثوب صحة لبس عفي,1
انا خرط طرق جدل زمن نقل ديمقراطي طمئ وطن وطن بأن مصر تكون حكم جلس عسكر سمر نهي,1
رضا بما كتب الل جعل حية ترد,1
مصر مش تكة هاشتاج ابن ثلي,0
ديمقراطية صنع غرب حكم فى دول تخلف أبواق تعدد ثلك انت وكل كرم حلل زرع قعد طبق غرب بلد,0
ريك صلح جدو احس اتن حتياطى فى علم,1
لهم حرس بعن تنم واك ني برك رام اه وأن رجي رب نعم عمت,1
عبد نعم فتح شرفنى سعد عيد ثور بعث حيتى هنئتى أسر شهداء هؤلاء,1
خبر داول الن وضع طعن هجم صحح,0
الل عين ندو مالعالم كله خدو,1
رحم الل جمل بنا اتح كبت ضخم عبس شبب حرص مساعدتهمالمكتبة عنو شرع جيش قهر منى تظل عمل بعد,1
حمد لله سعد حلا اني شفت اليوم ده حقق سنة كنت تخل هيج امر ةرب كرم,1
بدا هجر قبط نزل حدث وتر طئف جرم ضفي حق وطن صري صدق ان دول صدق ان شرط عجز حمي,0
علي فكر عبد الل سعد صنع هدف ثلث اتش اخر,1
امل حمد فى ذمة هرحل عطء قام بسل بقى فخر لجيلنااال اجز خير عنا بسع رحم دخل وسع جنت,1
قلب نهب مول ناس بنك وغد رحل يتر جمع خرب يرد ناس مئذ فلس,0
ركز سلط شرع نفذ يدي رئس رفض يثر زيد خاف بشأ حكر سلط جنب فصل,0
عجل قبض حمد بدع رشد اخو سلم فى شقة سكن ربع عدي,0
قبض كام يرس كله ال سسس,0
فجة حبت سيس جلس شعب,1
الل يشف منى يكون ثلك ولل عرف حرم يحب ولل سمع عنك منى قبل حول,1
اية سبق دلل قرب وقع يكون درى صلح بكف حصر ضبط شركاء خلع يمن قطر مصر ونس,1
بسم امل جدد لذة عطء,1
سكر لقد امض سنت ميز الأ ارد سمر لعب سنو عدد تير ولامبارد,1
مرت قيد صرة حلي نهج نرى مرد إرهاب مصر,0
الل يشف منى يكون ثلك ولل عرف حرم يحب ولل سمع عنك منى قبل حول,1
طرب تيم ذكرى حبب وين انت وين انا كمن خرررررافي,1
يوم يسى هيكسب نخب هعمل روفايل وقل رحل,0
كلب فيء رجء عدم هنت,1
زي اخو سلف عتبرو عدو سلم كتر علم الل وقف معا حيقلب علا قرب جدا فشي دين,0
جلس تغد وزج طنز امه شوف الل حصل بر ولد ولل عيل فضل سمع,1
ظهر سفر امر عهر خلج حسم رجع قلب عسكر,0
فخر بلغ اليوم علم للغ عرب,1
قلب ضد سلم غلق قنو سلم فتح قنو بحي يجد صفق هتف لسس,0
شيخ حزم ابو اعل يرد فتى رهم خير فك الل اسر بطل منك علم نهج دين لحق,1
صحف الم يري فصل ليل رعب عذب هنة عقل صري قسم سجن,1
امر همة تنم لحب زوج فعل ازم شرك حية لذل اثر كبر بنء ودة زوج جعل قرب محب,1
ؤلى نجح ثور نبع ايم بأن الل يضع اجر احس عمل وجد احس أعظم عمل يضح شعب,1
جرأ سيد فى مصر علق جزر ربع عدي,1
نشر ذكر كبر احي عشر الل كبر الل كبر اله الل الل كبر الل كبر ولل حمد,0
يعن عرفش قرأ الس هرء عبث أخذ رأه كتب دنى جهد شرح هيأثر حيت وحا كمن,0
جبر نصر رئس جمع قهر قلب عيش فى بلد اني مصر يقل وزر مايقدرش طرد لأن نخب رسي,0
شرط ارخ كله كاذيب اخو صدق حيت كاذيب كثر شرط ولد اكن برر نكر شمس سطع لبد حقق,0
صافيناز,1
عندى قمر سهر عاه عندى عاد حبيبى لغه كاريوكى,1
يدو عضو حمل انتخابية سيس قبل لأن رشح عدي عشق لقب شير يزل تمس,1
خطب رسي بدي جيد منى ان يكون بدي وحد صفف ضد عسكر,1
لحق بسم وسف زملائ علم تهم عرف الا نظم فشي رار مرس قبح بئس إجهاض ثور غير حتم,0
الل آلحمد لله اله الل ولآ حول ولآ قوة بلل ولل كبر غفر الل ذكر الل غرد ذكر الل,1
نتم سيد نصر خلق كنتم خير امة خرج ناس,1
ثور مرج عزب نخل طرة شمس بقش رجل ماطلعناش ال سيد قسم مرج ليل رسي اخو نخب عرص,0
علق قلب امر سعد سعد طجى وسك حرة فتة توة اذا حرة مادفعتش,0
ابن قرآ وسف علم قرآ شي علم ولد,1
الل يقل حرش نقص دين ورب عظم نتس مش تدن ده نقص خلق الل يقل حرم كتر تحرش تجز,0
نصر يصل عظم جمهور الل سعد حضر كلهم غيب,1
راهيم عيسى سخر وجد علق وضح ارخ سيس رقص علم,0
صرر شعب ونس وصل كيلومتر اخر ثور خرى حد ذته أهم درس درس كثر,1
حنن هدى بصت اهر زين ورى حلو سمك صبح,1
برل غبء خلط نقء غبء ثور نتج حزب وطن ولو حرة عقل اهر دوم عدل,0
اليوم سبع مش بتع نجب,0
وعى هدم بلد قصة صحب قصر,0
عرض لرد علي كلب سيس حمي فشل كذب رشي بذيءالشتام ضعف نلا ولل ولك رفع إعراض الج,0
درس ارخ عدء مصر بدأ دائ ضرب سور عدء شعب ورى همج ربر يجب سمح مصر,0
عنصر تؤم عربج هنة دنئ عيب ذقن شيخ,0
تطع ان جزم احد مدى تعب حمر حمر نفس لذلك رجو الا تكون تأكد كلم,0
فيف عبد رقص حرم جدا قدة ليش اكن قدة حكم عليييق,1
يدو رحب قبط لـ وفق عكش ظهر شاه وته جبل زند كاتدرائية,0
صنع كذب جزر,0
لحل سيس هدف بدء بنء قصد يعن صلح ورط عنف سدة حرم,1
حاج فرح مصر لمه حله صحب,1
عمل ايه ال حبت للى قلب خار عمرو ديب,0
مجد شهداء حمد حمد سلت دمؤ ترو شجر نضل,1
صنع رجل وعر بطل صدع كلم لحق جهد نفس مال عظم سلم اخو سلم حسن بنا,1
شمس شنو حلى غني عجبتج بوم شير,0
لدي رغب عرم نقم جءت فرص سأك كثر شرس نهم عرف ليل,0
فى قلبى اموووووت,1
حور طرش,0
دعة صئم ترد رب عنا علي نفس رب غفر رب فنت اهل رحم غفر رب,1
جيل وسط شغل سئل شكل عصر بحث حقق,1
اذا عرض رشد فنت اخو فلل او علم عدو دين الا يمكن ان يكون انس مسل وثر وطن عرض قرر رشد مكن,0
طرق الي وحد نور سمع جرب ان بطط نمر كفء,0
عقبال,1
برك,1
اليوم سبع نئب رئس جمع نصر دعى مني سبب قدم وعد محن,1
خلك تحضر معا حضر,1
قرب دي كتر حجة قرت جسد ذبح الل حصل قرب يمكن ذبح رسعيد,0
مشربتش نيل طب جرب غنل جرب فعز تحز حول ولد أمر عشن واد يخد جنس شير نفق,0
درة شرف دين مرأ وشن هنة خلق وطن حيء لاي ملأ شرع مصر وشش نقل ياد اخل جيش صور,0
نص قال تحد شرو كمل كنتم رجل مش هتبطل حقر نضف شوة باب غير,0
شهد اخر كلم أشر برا نصب رخص حكم,0
يضف يهم رادعى ضمر ثور طبع,1
الل على قسم قال ليل وهذا وحد يكف شرف فضل عظم قسم عظم يفت اجر عظم,1
اليوم سبع كلب ولس تأم محن شمس جمع منع دخل فصل,0
مصر رئد تحل كبرى حسم تحد وجه نطق غزو غول برط تضع حدا تيارالعل,1
صطفى حسن عجز بهر عقل صدق بعض قرأ قل الل عظم ا,1
صور حدث نفس مصر دخل لطج حره حمد حمد جرف,0
برك علي شهر رمض كرم,1
اتج خرج ألف,0
وقف اسا شفق فخر جداوهو وقف ثور شفق صبى مباركاذاكنت دعم شفق لأل دعم جمل برك,1
حمزاوى ؤكد حرم شرع سمو أيد لـ دنة,1
دعو قرء قال رئع كتب صحب حمد يسر سلم شهورع غبة شيط ميد بخو والتي قلب علي,1
قدم شعب صري خلص شكر امت شير سيس جهد جبر حل نزع وطن رضي نصر حمد شوبير هاشتاج,1
حور طرش,0
كلم وبس احب جدآ الى احد,1
شهد اخر كلم أشر برا نصب رخص حكم,0
رسي رئس,1
سخر كوميد وسف حسينى قبض حمد عرف وحس رنس ونت خبو ردو غبي,0
صطفى حسن اله وسد نفس شكر حجة هتعمل عمل لإن تأكد انك مش هتعمل خير احب ربي,1
اي مرأ صنع لحب يثر همم عطف حنن ؤهل ان صبح ثلي كانت ارل ونرو فيف عبد الم ثلي,1
فرق وعد صاف اخو,1
صمت قلب رجل شهد خين زوج شرب عصر ليم سئل فعل قال عملو ليم نفس,0
نظم خلط نظم رلم نظم رئس نسب فتر لتى وزع سلط,1
حرك كيد مصر قول كلم سيس وخد ولو هده يسى اصيييييل احن شبب هنصو يسى أنتخب سيس,1
دفع امل فى عقل قلب صري,1
قلب معه رصص نار غاز عذب ضرب سجن مال علم جهلاء جبناء شعب وحد سقط جمع سلم,0
دعء خلص صدق رفع الي سمء جلب خير يأت فرج زيل لهم رب,1
اليوم نصر سلم,1
نفس حد غنيلى غني هوك عبدالحليم حفظ فرح برد حلم,1
ملي خزق لقو ده ال الف وكل زريب عرص رسى رئيسى نخب عرص شعب يرد تحة رئس مصر ربع,0
وزر غلب بسم عود عقل سجن عسكر فضل نتج كرم شعب انا مش رقم نفض سجن,1
كنت أجل وتج منك جمل عمل قعر جلس كبر عئل هتقول غبء سيس صنع,0
عرف قدر شار مكي وقض قلل جلء ان يعد الى عرك عظم عام ضد نظم برك عرف دور ارخ وطن,1
عدم صغر خنازير بدع رشد اخو نيا مصر سيس,0
حلى ضحك علم كرم سلم كرم حبب عرب ارب يدل بوم خبر خبر,1
روح تحب عبدالمجيد,1
شهد اخر كلم قرء رؤة نعم شومس سيس ولي تحد مصر,0
قلب ضاق عبر علماء عدل مثل شيخ حوينى دور اشى ومش حيخل قلب مصر ليل,0
قرر رئس جمهور بعد رلم عقد صحح نفذ صحح حكم حكم دستور يكون نخب قدم,1
مجد بسم مجد بسم صبح,1
ابتسامتك خلق جمل,1
وضح امي دعت علا وأن صغر قالتل روح ربن يفر خلقو ربن طلع ذيع,1
امم هير شرع جلس على قوت سلح,0
فلم جدد ذبح ربع قدم سفر راهيم سرى يعد فكر فى بدر لكل فكر فى عمل بدر جدد,0
رفض تما وأد ضرب صحف كنس سيد عذراء أخو كنس,0
سمع كتر اول مرة احس فهم عرف انه حله اوى كدا غني شير انا كلى لكك,1
يدو عكش ولل هيفاء وهب مش طرة للى تجز بقى خد خزق بوب قهر مصر وفق عكش,0
سقط حكم عسكر نزل غسطس مصر نفض ضد عسكر مصر,0
جمع هلس لند خار سدة حرم فرق عمل كمل رنمج اكثرمصداقية حرف مصر وتم درج بحث عنه دور لسط,1
شرييييفة فيف عبد,0
صور كواليس حلق رنمج قصة دلس نظر عرض رمض قدم يمك شهد رومو رنمج,0
شبيسى ليز للى طمطم كبر قدرش نسى,1
فيف عبد الم ثلي تقل حكك,0
نجب يرس يتح ندي اهل حمد سعد رئس حزب يرس اصبح نئب رئس اهل بدل حمد عبد وهب صحب ارخ كبر,0
ليل قدر ايم واحتسابا فر قدم ذنب قف يدى رحم أطل وقف وقل رب اتت ذنب كثر عفو كرم,1
كلف حكم رسي جوز ملي قلب نفق ملي حكم فى زمن جوز دقق شعب يشح,0
عذب خط حمر تصر احد عقل نصف عقل خئف مصر يمكن يفق عذب وجء جيش,0
حرة اخو صاف اخو,1
فوش موف بن دهب كيلو دقق ابض عين ياااااظلمة,0
شعب نهض كلم ظهر صوت ولن حدث فرق ذكر عبر ارخ,0
حقق نصح فكر الل تجل نوم دي زمل ورق قلم عشن بجد بقى جمد مدى بعد اه ولل,1
حمد سعد قعد دفع شبب ايا ولم جه يقل رسل هات كلم اتش رسل فضل حور قنع ناس قبل مصر,0
بنت حيل تحط صور فيس هيقتلو يتر عدي ازدواجية حدث,0
دعة صئم ترد لهم غفر ذنب أجل همي بدد وحش أنر قلب ذكر وطع أجعل خير فتح درب صدق نور طرق,1
وفق عكش حمد رمض دا شمم مكر ابر جاز,0
عا امن وطن سهر بنح عمد اهر انا ويك,1
جمهور مصر طبع جمهور ديمقراطية حقق جمهور دنة تحم حقق وطن ساا عدل,1
ثأر سيد بلل وغر سيلاحققك افق رهمى شيخ سلط تجر دين,0
علم شهد جرب انتخابية مصر ثيل ربط صلح شرك إثيوب,1
رشح صحب حسب كأفضل غرد إفد جال لعب تدو,1
اعند شي اسم حرم انا كبر منك عند شي اسم حرم حرم جب حكم,1
فيف عبد الم ثلي اصل صرت كلم ثلي حين سبه عجب طيب امش يبن ثلي,0
أكد تزم رئس قان حفظ قلل قضء دعم فى صلح شعب طرف اخر,1
خلق جمل حرم اي انس فقط لأن انس كانت دين,1
صوت جمع برع اخو دخل لجن درس حمد عدد شرك وطؤ قضة شرف,0
بطق دعة زوج حله لـ وتس اب صمم رتي حبيب,1
تير شعب وجب قاذ كشف اخر انه بلا قيم فى زمن قلب اعل قان ظهر جدد,0
الل ال ا ا ال ال وم وب ا غرد ذكر الل,1
سعد حد عوز خير غير خير هيعرضل خير الل مكن عمل وصل بكل بدر جمع مب,1
عبر ناس دخل كاتدرائية شعر حرق قتل بنء سبب غطي علم رسم خزة,0
قرب دي كتر حجة قرت جسد ذبح الل حصل قرب يمكن ذبح رسعيد,0
حزب وسط الن قدم سير هئل الي حكم دمياط قدم ورق نخب برلمانيهسعيد جدا بثق,1
رصد ظهر وقف احتجاجية اليوم جمع فيم نظم طلب جمع فيم اليوم عدد وقف,1
جدع حجة ان يتى قصدى يسى حول عمل شو علمى فى صور قلب هاشتاج سخر وده يبن انه حمر اخر حجة يسى هايصالح,0
عند شهد تسل قات صناديق قمم أعلم ان نظم قمع فسد حكم نخب عرص,0
احس يلف فى مصر فيف عبد الم ثلي,1
عرف يعن ايه عدل وجه كثر يعن كله اشي,0
دمع نزل خدك كتر ضيق عرف ان ربن يقل سند رأس ببى,1
دعة صئم ترد لهم طمئ قلب امي وشف تعا رفع عنه األم لهم فرج امي يسر امر كتب علي,1
زبد ثرت مزز بلس,1
ذعت قنة جزر رئس ان شهداء تحد نتم الى اخو شهداؤ كلهم حسي وضف او كرم جرجيوس اخو عيب,0
سأل الل حفظ شيخ كره ويم صحة عفي سلم خلف,1
حلو روكس وعن شمس رسعيد بنى سوف نيا فيم سوس شكر حشد شعب مصر عظم,1
اهل سهل,1
فرج سلم صلح جاه حمد سعد روجرام حدرحم الل جمع وجز عنا وعن مصر خير جزء,1
شبح ضطراب عشة صدق عشر عدم خبر مصر قهر حمد,1
بلو نخب عرص هاشتاج,0
يقل عرف بلد قاهرةلقا ادي ربع ارد الل مصر واهلهاآمن بذن الل اخو بلس,0
الم يحن وقت عمل يلم عملاق راهيم رفع,1
شهد فيف عبد رقص ذكر ارخ حكم,1
وكل عيد قيم وأن مصر بخر,1
ؤمر حقق مصر عدة ناج بدد إجراء سارع نقل نئب عام عين رئس شار جلل عسف رفض حجز ريء,0
شول فلس يرس شغل اوى يوم دول بقن جزر نزل شتم ترق وفى ضيف خدك وجع اوى شول,0
مد عمل بقن طوارىء رار قمع ونت حقق انس حري سسي يوم حزن غير حتم,0
يتم نفذ قان مرء سعد سجن سعد ليئ آلف ظلم جرد نهم سعد خصم سعد نحب مصر,0
جمل سلسل ان احدش يكو حول قلد شخص ثلت يلم,1
تحة قدر إعزاز لذلك عبقر خرع جبن روم فكر جت دمغ ازي,1
اخو سلف سغل جهل فقر دفع امي صوت لاى شيء بسم سلم شتر صوت زيت سكر ديمقراطيت اسف,0
ضبط حشش لجئ سور فرق شهد فصل,0
بلغ نئب عام طلب صحب صور الذى هدد نجب يرس قتل عدم,0
قلب وطن جرح حمل دين ام عسكر نير,0
مجد بسم صبح,1
عرض سبع الف تبع درر حكم حكم حكم ابي نصر هلل فتح كلم كلم بوح تحد,1
ؤكدل لخو برح فى اسكندرية معا واع حةمش سلميينإلاخو جمع رهب,0
اذا قلت ولي لبا وحد اله لكه اعص ستر نسى ذكر فكف ساك تنس اله الا انت,1
وحا قلب أفراح شبب اهل,1
شعر شفق يصف فبر سيس يوم بثر حشد رتب لمد ساع برر عمل خين غدر قلب,0
نحط جزء يتر نص بين بيك سبو او وقع,1
تحة أبطال كتوبر شعب الذى سند قته سلح حقق لحم عبر عظم شعب قدر حقق عجز حقق هدف ثور,1
عمل عقل مرة رمز رفض قلب هدف رئس سام حرت قبل نزل حرة شعب الل ثب,0
حسس رخم اوى تكون عيز فرح حد عين مش عرف ازى اه ولل,0
صدر قان شكل حزب حور نفس حال بـالنسبة لقن بشر حية سيس قلص مضم حور وطن فقد جنب كبر مصداقيته,0
عبدالل شعب يحب ملك سأل لكه قيم وفي جلل عظم على عبد رحم بكل شئ علم ان يشف,1
غار طئر نظم دين دوم خمس ليح غوط شرق سأل الل يرد كيد نحر وأن,0
سيس عرس ايد جلس عسكر,0
جني علم حق لكل وطن,1
عام بخر قبل الل منا نكم صلح عمل,1
اقر خطر شهد فلم بحي تفت دمغ,0
نصح أتباع رسي كفا نوح هجم خلف كنتم سبب حول لديكتاتور ايد اعم تزد,0
نفس اوى اشف سلسل يوم ونس,1
علمو ولد فيش حجه اسم حرر ينء بطل حرب سلم حمر ينء هترجع لحظ للى قرر عرب رجع,0
عرفو قلب مصر سقط حكم عسكر دخل لطج حرة لنر دين حمد سنة دقهل طلب ثني زهر,0
ههه عدي مال ال سنه جدع ناس فخر جدا يكم,1
امر عمر شتا الل فات شهد سينمائية بلغ ثور,1
جمل ليل قهر سحر موسيقى رئع كتب شيق مصر لبن امر,1
بقى دائ سؤل انت جمد قوي فرض عرض يمو بغظ شغل نفس يهم ليه بتستمتعش حلو انجازاتكالإجابة لأن فشل,0
سير جت حرر طلع حرب وصل ميد طلع حرب هتف حمس جدد غرب عشش شكح وضح حكم دستور لمن وقن نخب بوندستاج جلس نوب نخب بصر بشر شكل جلس ولي سلط شرع بوب نيز عمل علم صدر قرر حول سير محن ستى جمهور شهد اخر كلم قبل سود فاء فصل جنب خير وطن لقل هوك اوط ساك عمر حنا قلب تنس ضعت درب ففي عين عنا فرق جود سدد فرص هجم قدت زمل إسقاط قنة زيد خبر ريض بسم امل ثمر علم ولد ابء امه فضل قرى مصر خلو صرف صحي حاج لـ لير لاستكمال جمع اخو رهب قئل سنت نصف سبب كآب حزن لكل صري نظر رد شعب جنز شهداء بعو ليل رنمج عشر لجن تقص حقق خصة جزر رسعيد مرا دار زيد فخر درع فض شغب سلم سود علي كوبر انت جاي كتوبر بلغ ارك برح قلك هعهع اخر مره صور عقد وقد وضع ربط ادن كبر لحظ ان اصل ولس صور ضوئ نظر الى ختم نسر زرق قطر سعد ترك غذ عرض سور سلح رفض نقط الس قدرش نسى اول مره دخل يتر ربط قرء حمل عصر عدد اليوم بلغ رام فضح تجر برؤ نبي نام ـ دون ثور جية متى ارد حكم هطل ربن يتل ضحك قال يسم كشر شير وطب وأن ربع بشر طرح ماباظهر نصر عدم شلل اكن رسم طباشير رجع صنف مصر ركز اخر علم فى ستى عيش قوت امن صرة تقم ضبط لاب توب يحي اغا سيئ لـ سيس كتةهذ حدث حقق مصر,0
اليوم سبع مش بتع نجب,0
متعودتش اشف ناس جمل حمز نمر,1
سخف يفى عبد,0
ذكر قصر تحف حنط,1
ارد أفتخر بلد,1
رسي عظم سرب سيس كشف انه عملاق وليس طرطور يكف انه صدى قوت سلح قلب,1
وسف حسي لقى هدد قتل رهب سمرةازاي وله ناس دي تسب كده مش حقق عها,0
فصل شعب عرب وطغ فشي اسد سيس حرب وجد حدد جال حلل وسط لقي,0
قتل ناس رسعيد رصص شرط عذب عقل غاء قان صلح رسي اعل دستور شيء قلق امر حكم رسي,0
محب رنمج يزد,1
مصر اليوم حرة برك الل شعب مصر,1
رجل ونت هزء عكس بنت متعرفهاش,1
جعل طرق أخذ يتج ذهب وجد طرق اتر ثرك,0
شهد اخر كلم يعد مجد حدث بشر,0
رادعى شرك قلب هجم جيش شرط حكم علم يصف فشي ضد قيم حية سان وفق طنى يفل ايض عقب,0
مصر حرر,1
لمن عقد ان صدق بجن يور يهد تهم شوف حلق هجم منع آذن يسر منع سجد نها هجم رائيل الل عمل غزة,1
علء اسا يرد صار اخو كندر طوس قرأ قال كمل ربط,1
عذب خط حمر تصر احد عقل نصف عقل خئف مصر يمكن يفق عذب وجء جيش,0
رفع شعر سيس لحج حرم شرع وخي وطن,0
نصر نفس نصر لحق علم امم شافعى قال نظر احد قط منت جرى الل لحق لسن,1
كريستيانو رونالدو صرخ ادر او قذف لهب او دون او رندو او يدو مراطور مهم انه فضل لعب علم,1
بسم طلع حرمى حرم,0
عسكر كبر عبدالفتاح وية,0
تحا مصر مصر جمل مصر حرس سيس هايصالح سيس رئس,1
اخو كتب جلز عشن سقو خرج مافيهاش شكل انت عمل كده بقى عمل,0
احل حجة حلق رجع جماهير,1
شكر كلم رئع,1
سلاماعلى شهداء انتصارالعربى وتح الى قوت سلح لتى عبر مصر هزم الى نصر نصر الل غلب,1
ونغ ينغ تشب رئس كور جنب بـ عهر اوب بـ قود كور شمل امر علم,0
يوم وفء رئس مين وفء دي مش وخد بلي,0
انا صرى ضد فحم وقف فحم فحم لية صلح مين يتم خدم فحم طبع صلح صحب صنع اسم,0
اسا ان جرم لتى ركب اخو سلم زيد يوم رغم بشع فهي كشف حقق اخو,0
حور طرش,0
بلد بنت وسخ نصر,0
علم انه زع منك ارض شيئ جمل خبئ شئ سمء جمل,1
بشر خير,1
طلب جمع قلو اليوم عال درس درس الا بعد رئس صدم عقل وغد يقف درس او فوض جمع,1
بغض نظر نتج فاء يظل دستور شرع لنه خرج لجن أسس بطل تم حصن إعل دستور بطل سقط دستور رشد,0
دضياء رشو دكتور عبد نعم فتح كثر عدل سيس ودن انه جهد فى قصد شرع,1
شبك الل حصل حمل جمع خطأ سيس قرر دعة ظهر ؤيد رئس كان وزم ظهر عرض,0
صحب قنة فرع صري اليوم ملك توك شو خبر صحح وصف دقق طيب الل وقت,1
حمدلل علي حال,1
حضر وجد رأة يجب نثق قدر رأة فهي دائ جزء نجح رأة تكون,1
الن كله فضل شهداء صبي ثور لذلك لبد اسس هيئ تكون همت كرم صحب فضل الن,1
شعب بطل وحد,1
وزر بيئ عرف ان شكل قمم تحل الا سنو علم ذبح رسي يوم لنه يحل,0
شكر,1
جلس علماء زحم ركب الل يحى قلب بنر حكم يحى الل ارض يتة ببل سمء صطفى,1
وقع تحد كتب جمع مصريةحاجة بهر خدم عظم بحث اضف رئع حتي عرب علي نرن,1
صلى الل سلم يحب طيب رئح حسن وكان يسل طرق تبع عرف انه سلك طيب عرف نشر سير,1
قلت رئس حمل حرة عبر بدأ غلق قنو صدر صحف بدن سند قنو عنى ان هجم اخو يتم غلق,0
تم تصل مرة وست عند لغد لجن حقق انس,1
سير جت حرر طلع حرب وصل ميد طلع حرب هتف حمس جدد غرب عشش شكح وضح حكم دستور لمن وقن نخب بوندستاج جلس نوب نخب بصر بشر شكل جلس ولي سلط شرع بوب نيز عمل علم صدر قرر حول سير محن ستى جمهور شهد اخر كلم قبل سود فاء فصل جنب خير وطن لقل هوك اوط ساك عمر حنا قلب تنس ضعت درب ففي عين عنا فرق جود سدد فرص هجم قدت زمل إسقاط قنة زيد خبر ريض بسم امل ثمر علم ولد ابء امه فضل قرى مصر خلو صرف صحي حاج لـ لير لاستكمال جمع اخو رهب قئل سنت نصف سبب كآب حزن لكل صري نظر رد شعب جنز شهداء بعو ليل رنمج عشر لجن تقص حقق خصة جزر رسعيد مرا دار زيد فخر درع فض شغب سلم سود علي كوبر انت جاي كتوبر بلغ ارك برح قلك هعهع اخر مره صور عقد وقد وضع ربط ادن كبر لحظ ان اصل ولس صور ضوئ نظر الى ختم نسر زرق قطر سعد ترك غذ عرض سور سلح رفض نقط الس قدرش نسى اول مره دخل يتر ربط قرء حمل عصر عدد اليوم بلغ رام فضح تجر برؤ نبي نام ـ دون ثور جية متى ارد حكم هطل ربن يتل ضحك قال يسم كشر شير وطب وأن ربع بشر طرح ماباظهر نصر عدم شلل اكن رسم طباشير رجع صنف مصر ركز اخر علم فى ستى عيش قوت امن صرة تقم ضبط لاب توب يحي اغا سيئ لـ سيس كتةهذ حدث حقق مصر,0
غييرل يتى الا بسط شبب لحق عكم صدق لدي قبل منة فى ايد معا نغر,1
عند تغب دول عمل عبد عبط صبح قعد بد تبع جاء عمل معك عرف فعل معه نكر,0
بنز دون يكس ويذ كحل زي ضمر دون يكس ويذ اخو رسي اول جلش رسي اول تيم,0
اقر خطر شهد فلم بحي تفت دمغ,0
أتج لزم حجر اسد باب كعب تجب دعء لصق نبي جسد كعب دعا الل أدعو,1
علق قلب امر سعد سعد طجى وسك حرة فتة توة اذا حرة مادفعتش,0
ناس غاو كدب وكم تخف يدو تفبر تما ندب ليس حرة مادخلتش لجن حرك فضح,0
كبس نهى,0
معااااااااااااااااااك ريس معاااااااااااااااااااااااك تحا مصر سيس لاي أنتخب سيس,1
رونالدو عظم لعب ارخ درد ريض,1
عرف وضع نبي صلى الل سلم كلم جميييل تدو,1
خلق سلم جمل حتج بشد ايم بلد خلق رفق لطف لين قول فعل حتج,1
اهي علم حبة عبد لرب حبة حقق شيخ حمد عتق سعد كوت امر سلف,0
فضح عير ثقل لوء شرط فضح عان شرط خنخ لطج مصر,0
جبر نصر رئس جمع قهر قلب عيش فى بلد اني مصر يقل وزر مايقدرش طرد لأن نخب رسي,0
دور رئع فجئ نسء مصر فى ظهر شبب نسء سحق صدر ان شاء الل سقط قلب,1
ذكر رحم احز احب ربي,1
احي اخا حزب بنء نمي جمع سلم علي وقف وطن رئع قدم صلح وطن علي نفس وكن سبب جمع كلم,1
حزن عظم سني امس وأن شعر واط قبط شكر حضر كنس هنئ أعياد قيم وكأ عمل استثنائي عيد,0
يوم ايم قرر اهل قرة يصل صلة سقء جمع جمع صلة احد حمل معه ظلة ثقة فى الل,1
قلب نهب مول ناس بنك وغد رحل يتر جمع خرب يرد ناس مئذ فلس,0
كذب حقر هرم عرب رسي طبع لير بنك ركزى أسف نكر رفض عقب,0
خلد بن ولد قتل رجل سلم تزج مرت اليوم بلا عدة بلا بطخ,0
بين ذكر لنص اثق خلق اخو رفض هذة صرف فرد,1
نظر ثور جيع قرب جدا مصر ليل,0
عمر سلم قتل عذب صري بني خبر وكل امر قتل خون لسط غزة,0
قوت شرط عسكر قتل طلب مش نسي عمرو خلف حمد عدل شرف عطف وغر كتييييير,0
ازم فكر فى مصر على صوت يقل شيئ كثر حكم سمع,0
جول اليوم بمد بدر سعد بشد لقء وطن عمل صنع مثل قعد عمل حقق سهم شكل فعل نمي دئر,1
وحش قوي انا قصر عاك عند حق كلم شدي شبب خلي قبل يوم جمع عشء علا,1
يرس يو,1
يمن محق هدد نصل نضل لمى شعب صرى شبب ثئر لاستكمال ثور قصص دمء شهدائ وفء لرح شهد محمدالجندى,1
جمهور شبر خيم,1
شهد عقل قتل عذب وعل دستور جعل ردة رسي قان ردغ عرض الا عند خلع شعب رسي اخو ملة وحد,0
حرب ظلم ظلمستنتهي ظلم طرف اخو عسكر,0
شاركو يتر شبب خلق جمل تعل نشر هاشتاج ده خلق نحب نرا فى جمع خلق,1
احض للى تحب كلم قول كلم حلة فجأ,1
رئس جلس على قضء حلى رمز قلل قضء وقد صنع شرع عظي شار حمد مكي اجل قلل قضء وجب سند,1
فجأ رد شيخ حزم فتى رهمى اخر فك الل اسر امم علمتناكيف حيكر سنح كرا بإذ الل,1
اذا تم عفو برك نظم فهذ رسل شعب الى رئس قدم على سرق سبد وذل برك,0
سوق ميكروباص ؤدب,1
خلك فكر ان برل دول كان يقل رسي عيز يأخ قضء حب طهر,0
ندي اهل ندي رسم دول ادة ولى,1
سلط مرس اجر سيس ضد قرء,0
وصل ثور لمد حرر احد كبر علم سقط قلب علم كبرى خرى قدم قدم ايم,1
للى حصل حمد شعب فى حرر فرا لأن ضعف دى خلق ثور مش اخ,0
خلء سبل سما صرى غرم فى قضة بث قنة فلل,0
احن اسكندرانية عجبو,1
فن ارق فنن علم علم حبب صطف فن جمع قلب تعل عرف علي الف ده,1
عرف تجل كلب حزم عبد عظم ارح فى يده مولوتوف حجر قصر رسى عصب يسى كبر نخب عرص هودى,0
برك مصر أهل مصر بطل شوس حرم تعلم ثقف شعب مصر شعب رقي كلم وحد أنتخب سيس,1
رحل صلح تضع ثور يمن قدم طرق نصر نثق فى قدر شعب منى وحد لصف لاستكمال هدف ثور برك يمن عقبال سور,1
صدق زرع حية زهر مي زيد,1
اسم يلم تحب اسف زعج,1
رضا خلق جمل,1
رفض كلف سئل فتر انتقامية سبق,0
حسس انك تكون شرع نهر شقشق نور يمل دنا كله,1
امن عشر وخر ديك سعة جمل انت عرف حبت عجب,1
خبر تل ابض تحد نسق شبب كورد سور نسق رقة حذر ندء هام جدا دعش,0
صار شرع يدن فجر مصر ليل,0
كرن ال دول حضر ملك برك لـ شبب بطل كأس ملك ولـ شعب سعد شقق لعب جوهر نحب يمل عبدالل,1
يقل صدر ذكر فسر اعل دستور ضحك ذقن,0
فهم قان كثر فقه دستور دكتور ثرت بدي دكتور عطف بنا ساذ جمل عيد كلهم ايد قرر رئس بعد رلم,1
بـس ثوب الر جا ناس رقد قمت شكو ولي اجد وقل يـا ـلي ئـب وم كـشف لـض عمد,0
خضع رهب حل,0
اي مرأ صنع لحب يثر همم عطف حنن ؤهل ان صبح ثلي,1
مصر تقع جمع نري نري مصر ونس نغل موزمبيق او جنب سود حسن شحت رعش سحب قرع,1
كلم شهد حمد صطفى يجب اخر رسي كذب وعد,0
اول جول عدة دعا اسا لجب دعم رسي شرط ثور فلم رفض اخو شرط ثور دعا الى قطع وقف كله نشر فخر,1
عار عشن سنن طول لخص يدو,0
صري اليوم سفر حسم قاويش تحدث بسم جلس زرء علم جيه نصر رنمج حرر,1
ازل نعش عهد فعل,0
سعد جدا جزه شبب اكاديمية دعي عصر ينء يوم اول فقد لتف حول اهل ينء,1
ذكر نبل صطفى نبل كتب كبر حي رزق منى ذكر حثو علم موتهرحمه الل,1
لحب همم نزل كلم حرم فعل دعء غضي عتب سمح,1
يلل فور عيد يطر الد ام تفق كتر يوم ربعإ وحش جدا,1
قدم بيت ربع جمل وير بيت بعث,1
طبع لسه فائل فؤل خرج كبت نور جرح خلو الم,1
فضل مثل لثر قائدهاسيادةالمشير علش كده سيس رئس أنتخب يسى مش هنزل ستو,1
حرك كيد مصر قول كلم سيس وخد ولو هده يسى ياجاااااااامد أنتخب سيس تحا مصر,1
نجب يرس يتح ندي اهل حمد سعد رئس حزب يرس اصبح نئب رئس اهل بدل حمد عبد وهب صحب ارخ كبر,0
عنن دفع جوي ان داي رئس ارك شاة او دفع الل رحم ابو غزل عبقر دفع قرن عشر,1
فيف يشد لعب جوهر يصف بثا فضل لعب علم رامكو ذهل لتر فتح لعب ملك عبدالل,1
امن امن حكم عسكر صبح فعل ضحوكم علم نخب برص,0
إنس كمل قوه عقل قدم نفس شهد هطل رسي,0
لهم جيب دعء غيث غيث رحم ضعفاء اجب دعت عجل قضء حجا رحم رحم,1
شكل ان خطب اخو عدا تلا خطب فشي الل شغل دلق برل,0
اذا اجر نخب نفس قضة ضبط شرف زور نفس نئب عام حلة عرض الى حكم عسكر نتج عرف,0
ولم تبص حلي هتعرف انك احس ناس كتر عشن كده لزم تقل حمد لله,1
هزم اهل ثال صرخ نظم يقم وأد حري خجل,0
عدد سير دين نصر جبااااااااارة ذكر,1
الى عبر اخو سلم شهد الن ضحا عدء اخو وحش ريء سري ساذ وئل برش اخو جرم,0
ولل نفس فين اليوم عرف,0
رئس لسط حمد عبس هولوكوست بشع جرم عرف بشر ارخ حدث لسط يقل كلم,0
عند حق خلق خلق,0
حرة حرك طلب وحق فى عمل يسى جزءأصيل حري عمة لتى نضل اجل سبعينياتالثورة فرض لئح طلب ديمقراطية,1
عزل قلب علم زيد وكل دول علم منع وطن ذهب الى مصر حقراء خلج مولى قلب منع اهل,0
وزر تمو دعم يصل لمستحقيه وعد جمع استهلاكية رمض زيد فصل ربط,1
نك انت حيت دنا يصر كلم حلة,1
عرفو قلب مصر سقط حكم عسكر دخل لطج حرة لنر دين حمد سنة دقهل طلب ثني زهر,0
خلء سبل سما صرى غرم فى قضة بث قنة فلل,0
خلع لبس حمراء ردي جند موت حول رحمو منع برء انس طفل قتل ذبح رسعيد,0
حمل شبب ضد نقط ضد نئط ضد نجط ضد نغط جمع الس فهم جمع سلم بكف حصر ضبط شركاء خلع,0
طرق اسو لأل مرة عما دعو كرم دكتور جدي عقب حضر فتح بنى جدد شفى قلب,1
دبلوماسية حشي شبت قال اليوم شرق يري رسي بقى يدي شعب وصف حشي شبت بقى طلع بحج,0
جنة خلد بطل عبر جنة خلد شذل قلب بقى,1
حلق ثمن جزء ثلث فرق صبر,1
قئم ولى خون خدعو عرف كلم بقق,0
عبدالرحمن حمد صوت فخم غنء اغا طرب فن عرب,1
تحا مصر نزل إنتخب يسى تحا مصر مصر نخب يسى أنتخب سيس تحا مصر,1
امي ولك اليوم دعه حفظ الل سوء يجن حفظ الل امي وأم جمع امه سلم عيد لأم,1
ربن يخل ليا,1
وجد دم اخا آخر عرض تمرد فقط دم صري نبذ عنف ضرر سلم سئل وطن وإنسانية انع شهداء,1
صدر قان شكل حزب حور نفس حال بـالنسبة لقن بشر حية سيس قلص مضم حور وطن فقد جنب كبر مصداقيته,0
ومن قال انه كانت نزه ده كمن وش,0
لأن اقل الل حمد لله اله الل ولل كبر احب الي طلع شمس ذكر الل غرد ذكر,1
عند حدث عزمى جهد بدئ خلق ريض هجم نجو سند لحق شرع ربع نهض زمن لمس وكل خسس,0
تظل ذكرى شهد بطل عبد نعم ريض خلد لحم ضيئ نصع صفح ارخ صرى رمز بطل عرك نزف تحة فى ذكر,1
فرح حرم خطأ اول زملاء قاذ إعلام منع سهم فى قاذ حرر جند,0
وقف حرم حذر امر خلد بن طلل بن عبد عزز عضو عئل الك سعد جزة خرج رئس رسي,1
صفح رسم صنع حية مصر هنئ قدم عيد فطر برك عام وان بخر,1
لجن فرق وزد ثال صرخ نظم يقم وأد حري كسر حجز خوف,0
حمد لله ان حقن دمء صري أصلح بين عقبال قوى سيس,1
تسب علق,0
آجعل درب آهل ولف وز فآل نصر شبب صرو كلم,1
رضك يرب كلم وبس,1
تهم مصر تعن دمشق وكم شقي غزة قتل غدد وكم نحب يمن خشى ليب قطر فهي سيد نهض,1
للى حكتل للى سبك قلك ان عاك مش هسب سبك كمن بقتش فرق,0
اليوم مرت ابع ذبح ربع نهض تشب بشع ذبح صبر شاتيل ربرنتس فعل ا,0
رنمج حلق كمل,0
نفس رجع أيم كانت حجه وحد الل مش تخل عرف انم يبق عند رحل درس تني يوم ذكر درس,1
وسف حسي دعم عدم سقط ارض يسم ارخ عظم,1
عمل كهربائ سغل وقت فرغ حجة قرء قرآ كتب الل اجر غفر ذنب حجة,1
جدد جمهور شبك مجد يمل وفء ولء عجز عنه حرف شكر ثنء بدر بدر جدو نمل نحو,1
جنز شهداء نيل قتل اخو جرم رهب مـس,0
هى فضل وظف فى حية دير شرك رئس ؤسس ولل فضل وظف فى حية ان ربن شغل عند تدل ناس خير,1
بنز غلى شعب هيوسع احا حكم,0
ـ,1
فيف عبد طلع بقن ام سي كلم شرف حرم وان الم ثلي وقح,0
عرف عنى اسم الل صمد صمد الذى قصد اله فى قضء حئج صمد حاج حاج,1
يوم عيد عمل زرء درء وظف وغر جاز عمل قبل حب جبن,1
بسم فرق موت لهم قبل شهداء سمء صقر,1
سلم حمد سلم ترك ارث خلق عزت حصف هزت شجع ثمن رحم الل,1
مصر عمد فقر وطن عرب,1
عمر سند هسند اخو ده قطع نخب عشن كانت متظبتال زلت ثبت رأي نخب الل جية قطع,0
جدع جدع جيك جيك ولد حره ولد حمد حمد,1
نهي ادء عمر فإن نظر عظم تجد لاي تغث ون بلل على رب نصر حفظ بلد فتح,1
اسكندرية حذر هام جدا جدا وصل رسل حذر خصص حلة ثبت سرق,0
انت وحد الل قلب بسم لحك جمل,1
بلد تغل سعر نار دمء شهداء تزل سخن قلب عمل دستور برد خلق الل,0
عند صعد نيل ارمسترونج سطح قمر قرر يكون سهم حضر صدر شعة انه سمع اذن وأسلمالإشاعة وفر كتر هدف خير,0
نخب برص,0
هتحب حول قنع للى انت عيز هدء مش زعق خلص,1
ندت رسل كرم بشر لائ رحم خلف سجد حصى فضل نثر او كتب عدد شعراء يغث ندى سيد نبي,1
شكر خلد,1
نزل لمد حرر نزل لمد حرر كرر ولا وعب فخ قذر نصب كرر ذبح ربع,0
ميل يعش هزل دري ثيل ارخ ميل الى مجهـول ميل الى هاي ميل الى دمر ميلانستا,0
عدء قلب لكل علق سلم فظع صلب جدد سمء وجه جدد,0
الم حسن كبر لأن جرد غرر دعى مي زيد,1
بلد مش عيز بتد قفا سكة,0
سقط كنس ببا تطرف ضرس فهم ربط صلح فى قوض كان وهب سلم فى مصر فاد خبث بدأ استعمارى فرق تسد,0
همل درة رفق عمة يؤد قتل تول صري جرم سحق عقب جني فقد رؤة رمج صلح فشل سحق عقب سيس,0
شعب مصر عظم قئد علم فخر شرف نمء,1
دعه فؤل حية فؤل امل,1
صري حرر شعب مصر عظم حنت سعة تحد عمد نفس بد نقف وقف رجل ضد رهب دعم خرج,1
شكر دكتور هبه,1
ولد وسخ ثور نرن وسخ,0
قدر اخل جنب طول,1
انك صحب ببا ومم حكل حجة تخف نهم لنك وثق نهم هيساعدوك,1
ان رهب صفت حجز او غير قوم سلح قتل اير أسف فهذ قان جهد طبق جمع,0
عيش عاك ايم فيش فى جمل زى لاك دى اقل كلم بقل بحب عمرو ديب,1
الى بقا خرف باى باى,0
ترى للى يشد كده فى مصررغم شكل الى حلي دى خفة دم شعب طيب شهم نيل شمس مش عارفرغم نغص,1
لغة ترث,1
جحش الي يبق فكر ان أيد شفق عمر سلم رجع شفق تني سيس بنء برك فلل بلد صدف,0
صفت حجز صبح عرش عصم ولي عرب متحدةبس ليم عليها اول,0
سعد خوي هتم بيا كتر نفس بعد عنى,1
متع إدر حور شبب صري جمع حكماء دار وبر,1
الم انه مرس فضح لازدواجية معايير تخو عرض امل بلع قطع رأي عام طعم جدد,0
اهل سلب حية,1
ههههههههههه انا ام ابن مستقبلية فتح اكن,0
صفت حجز صبح عرش عصم ولي عرب متحدةبس ليم عليها اول,0
ذكرى أحلى ذكرى وقف فى الت اهل,1
سبل سعد انا صدق جدى,1
دخل نجب يرس برش علق قال دالبرادعي أحداث مصر,1
لقت برء عيب كأن لقت تشء سيد نبي,1
هزة وسط صافيناز بـ الف يلع ابو علم,0
ودا قمة سفه صحف الف ثور بعد ثور مصر ثور,0
عيد عمل ذكر ان سهم سعد وشى تشم أظهر حقد وكر سبب فصل قرب وظف هنئ زبل تري,0
كلف حكم رسي جوز ملي قلب نفق ملي حكم فى زمن جوز دقق شعب يشح,0
سعد حدث صحب سموالملكي امر نوف بن يصل هنأ مدينةالرياضيةأوبنجاح حفل فتح هنأ شرف الم,1
حمد لله حقق هدف حمل ال يوم محو امة شكر شبب صنع حية لكل شركاء حمل رب اعن,1
ولل نفس فين اليوم عرف,0
بسم لتل بسم صغر اثر كبر سعد قلب خرن,1
تقل خير تصم خلق جمل,1
رهب نهي زبل ارخ,0
ضد رقب دري بدع فني ثقف,1
قال اخو رسي تخصص صمم حرك نسا صبح عقد دفي بيت فعل شيئ دفئ وتر صمم رسي,0
مصر ليل فيض قلب فعل فعل كفر قرش عبر,0
يوم درس ولد شجع رأة صرة لتى تجل ثور صلب بنت مصر نور وغد كمل سمر راهيم جعل فخر بني صري,1
خلق جمل احس الى جار,1
رنس تأخر عشن ريس عدي,1
عمد تعب ضبط وجه شتم هزئ اخر قلة ادب وأن عرف غلب الل هيحصل عاه يعن,0
جيز حمي حرم حلة ساذ بطب طنط حقق سبب رأه فيس بوك قرر دكتور عبد حكم عبد خلق,0
فعل قنة جزر اعل حرب مصر يمكن سكت,0
اسا اذا وحد قوى وطن فور خلص دول صرة ايد اخو لسف دفع ثمن غال أولاد,0
رجو دعء رحل عظم حمد عدنى اليوم ذكرى وفة ولد شقي,1
بأي ذنب تلت جزر ربع عدي سيس,0
قون رحل انتخابية اهم ملي مرة رحل نفس رشح وكل رحل الل ثور لعب اسس قني دبر نتج بطل,0
حدد حطط يرو جون اهل غزة يرد حلل ينء نوع حذي جمجم جمجم يصد قكم,0
شكر,1
شهد نتج يلم برك عئل حسن رزز اخر كلم,1
انت عرف جمع شيع اسم بقى قدم يهم بلغ نشر كلم عواهنهكلامك وضح رجل حور,0
عجل شرف مصر كلم خطر صمم اخو نصح سمع,1
يتم نفذ قان مرء سعد سجن سعد ليئ آلف ظلم جرد نهم سعد خصم سعد نحب مصر,0
تعل لجن علا نخب نتج فاء حقق نهك زور اخو سهي شعب برك يلق صير,0
جاز ثور عظم شرك شعب عدل سيس ؤكد انه اهم لعب,0
رفض تما وأد ضرب صحف كنس سيد عذراء أخو كنس,0
يسا روت صره وحد خنق رفش,1
هنئ قلب لكل صرى مصر إقرار حق صري فى خرج فى صوت كلن صري,1
عظم خوآ مشاركوش هشتاآج مسئ سيس بكد بقى اخو بعو مرت مره حمد حمد ومر هشتاج هشتوج,0
فرس كور خبر حمد صلح يقد شيلس سقط ربل,0
مصر درس قمع حدث لهذ نشر ضبط حال فى درس,0
فضل طبء علم قرن كرم كثر شرب ماء نوم كفي ليل هوء طلق نقي,1
انه دائ رئع كسب جئز لأن يعن انك قدم موس جيد شلس شيلس,1
رمز خبى لل سيس سيس رئس,1
ؤكدل لخو برح فى اسكندرية معا واع حةمش سلميينإلاخو جمع رهب,0
وفء شهم عفو قصة رئع حضر سلم سمع حلق جدد حلق بسم امل,1
حزم عبد عظم عرص كشف لمذ تحل صفف ثور صفف قلب,0
اهم امر غير ـاعلـم بأن ـك طبع صيـل,1
سيس شرع عمل سلف بلد حرم زور كذب سلم وان صفق كبر علماء حدى,0
اكن عبد شكر قال صلى الل سلم خبر بأن شكر تدم نعم يجد انس سعد حقق شكر,1
احن حا عمل جلس جلس شعب ليه اخو اهم خلص حجة كتب حوج زحم مصاريف,0
سقط حكم عسكر نزل غسطس مصر نفض ضد عسكر مصر,0
وقف نفس اعش جوز وقف نفس اعش رتي انا رأى هاشتاج دول طلع جمع قصر ريس بمليونية عيز,0
عيز تكون عضو حمل شير سيس سهل جدا سعد انن عمل ملي شييييييييييييييييييييييييييير أنتخب سيس,1
بلل فضل فقد قلا جدا,1
تسب علق,0
هنئ ستذ زملاء فضل ؤسسى حزب دستور ولد جدد منى ان يكون ضفة حقق حية سيس وقة دفع حقق هدف ثور,1
انع صري وكل عرب نضل زكر محي دين ثئر رجل دول حجز كنه نصع صفح ارخ عصر رحم الل ألهم صبر,1
طغم قلب ورع عقل نسء ظهر جهل جمع حقق قرر جزر,0
رتب ايكف حجة تحد هلل نصر اهل رسي,1
عيد لأم امي امي جمل بدأ يوم صن دعا سعد نهي,1
صنع كذب جزر,0
فلم جدد ذبح ربع قدم سفر راهيم سرى يعد فكر فى بدر لكل فكر فى عمل بدر جدد,0
سعد ان يكون نحب بخر وعف فنح شعر ونه لمر نرا,1
شيخ حسن ؤكد ان رسي ملك شرع قرن شرع نبي الى جار دين نسب اين مول برع لتى جمع شيخ حسن,0
قلب قتل سور بحر ان دخل لسط لجو صري ذاق صنف,0
رضا عبدالسلام كلم دعبدالمنعم ابوالفتوح قرب ناس علم علم مصر شخص صرة ضحة نخع,1
جووووووووول زمااااااااالك دوم,1
مشربتش نيل طب جرب غنل جرب فعز تحز حول ولد أمر عشن واد يخد جنس شير نفق,0
سان رئع,1
رحم الل سمر سلم مصر خلص لقم وطن ديمقراطية أستاذ تمز قصد سيس رحم الل,1
نطق حقر تبع جبناء قتل عرف يعن ايه يمكن اخك امك كنت فهم,0
سيد رئس حرم قدر حرم حكم دستور,1
سما صري حسب بني ادم ايه نظم ارف,0
احن علم نكد سئل اول حلة كأب وجد وشش صري,0
انا سلم تخر,1
وجد شبب وغر علي بلد علي خلف فكر ملؤ فؤل,1
كرستيانو رونالدو فصل هدف صبح هدف ارخ اول درد سطر,1
جمع غضب انس ولج دول فعل كرث جرم حدث مثل فعل قلب مصر شيط شيط,0
تحا مصر أنتخب سيس,1
يقل صدر ذكر فسر اعل دستور ضحك ذقن,0
كلف حكم رسي جوز ملي قلب نفق ملي حكم فى زمن جوز دقق شعب يشح,0
عيد فلح الذى ظلم سلط همل عرض حتج صلح زرعى جدد نقب قلة فلح غير بدن جماهير وفى قلب فلح,0
حزم عبد عظم عرص كشف لمذ تحل صفف ثور صفف قلب,0
رشى نخب شيط نفس اخو نخب دخل ضد رسل شيط لزم نخب الى زيه,0
لسن عرب لسن كزم ربع زمن اليوم علم للغ عرب,1
سبق خطر امر درس عمد سيد اسرائيلية قدس ورق رسم,0
فى علم وزى زمن زعتر للى شيلنى دلعنى أكلنى منى جمب بلل زعتر لقط,1
درس عبد غفر حمد بلغ شرط طلب كتب حئط سقط حكم عسكر قبض عليها رجل اخر زمن,0
صرى حقيقى هرم شمخ رفق شرف وصل معه حق نسي حال دعء جبكل عام نتم بخر مصر طيب حرة امن,1
اعل لدم دستورى جرد نهت قوت جيش شرط ذبح حرس جمهورى,0
بسم يحب يعت يحم نصر سمع يرك رحم رحم,1
شعب صري جمل حجه ان وسط همم قدر خلق ضحك,1
فسد عدل فقه عدل فقه وزر صحه,0
اخو حرق كنس روج كذب,0
ناس وقف بشم شرع ؤدة حرر وقف ناس شكل عشوائ وقف عرب ال قدم جمهر عليها بدن داع,0
بحب زمل,1
فصل شعب عرب وطغ فشي اسد سيس حرب وجد حدد جال حلل وسط لقي,0
قلب غلق سجد نصر رفح ظلم منع سجد الل ان ذكر اسم وسع فى خرب نظر عقب الل,0
حـزم مـم جمـاهير هـلى ــف كـر,1
عدد كبر امن بزي دني لصف اول امن ركز نصي جلس شعب دخل لطج,0
منع رنمج رجز بسم وسف قضء غلق قنو حرم قتل حرة رأى علم حرقو,0
سعد جدا زير جزر بلد جمل فعل,1
رئس طبق شرع يكون مسل يسر وكب صفح كذب ناس بحر استعراضية فتح قصر قرء,1
مصر خسر روح بنئ تعض بمل سعد اوالامار,0
أبقى احب ولن ندم بقى حبك قلب ولل,1
قرب سنه علي بشع جزر ارخ انس فض عصم ربع عين ليئ حسر مزج امل صبر علي,0
تهم عصم عري حزب حرة عدل إحداث فتن قتل إصب صري,0
خلق جمل جفت ابع سعد هجر الي كتب ربك,1
ضمن ثور شعب عربى فى يمن حرة ديمقراطية عدل وحد ثور شعب عربى متد حيط خلج نصر,1
تطع ان جزم احد مدى تعب حمر حمر نفس لذلك رجو الا تكون تأكد كلم,0
عذب فرد حية أجمل عطء عذر غيب بعض لان سيد بشر حدث تمس عذر صلو الل,1
رفض اخو خطا حزب وطن برلمانية جرم شرع صبح بنو سخر,0
يوم زدد ايم ان ربي حبب معي يرب حمد امر يسر بكل حب,1
قون رحل انتخابية اهم ملي مرة رحل نفس رشح وكل رحل الل ثور لعب اسس قني دبر نتج بطل,0
جمل اعتراضية ـــــــــــــــــــــــــــــــ نخب عدل,0
لأم ثلي خفي دمع طفل دخل حزن قلب ظهر بسم صغر قلب عصر الم قلب كبر,1
خرف يشف عدد هرد لزم وضع يهز ان عيد بوب,0
سنو روح عنا عير بدئ لهم رحم حمد دخل فسح جنت,1
عطك وهب حمد لله انه وهب هبت يد بشر,1
حد سأل سيس قال بكر تشف مصر يمكن قصد ان احن هنبق شحا هنبق فرج دنا تضح علي,0
كرر حزب نور فعل وضع ذكر فعل حقر مثل رلمانى كيمى,0
طرق سلم تحضر ظنن احد سبل نضل سلم شرع ضغط علي حكم طقه نهج نهج استقلالي,0
اذا حدث وفق حول مبادىء عمة دستور فقد تطرف كبر سلح لبد ان قنع سطء ان سلم خطر يفز قعد حكم,1
وعد قفز سيس رئس قرب لحق حجز ديل عشن حضر حفل نصب لكن ينل غرض لأن شعب حرم حكم,0
هنئ لكل طلب طلب قضا يزد يوم عصم وجه واع نكل جمع نيل,1
صلو يرس عشن قنة بتع ولى همة خلع شفق علم,0
ولد جيك للى دخل حمدر يوم سلم وكل ننا,1
رنمج مش صعب حمزاو شرح صطلح امن قوم,0
يجب وقف ورى عنف حكم تورط علن,0
أنع رئس حشد ذهب طئف رئس كفر نخب منع شوه وقف حول عبث شيء رفض ذهب كفر,0
نخب أخر كانت خير مر,0
الل كبر وتح مصر حمد لله وحد صحب فضل كله نعم علي بثر عظم خار بين شهداء برر,1
صحف علم حدث دهش صمد عظم بسل صري فى وجه دمي قلب هتك شعب يحب بلد صري نصر قدم ان شاء الل,1
اثق رؤيةأحمد سعد أعلم زمه بدئ وأن عجب صرح حزب تطع يكون حزب اغلبيةوأتمنى فوز نخب حقق رؤة,1
حول ان عطف رما خين كفر خدم دين حرض ناس علي عرض اسر خطر شكك ناس دين طب ازي,0
نور,1
خاذل تحل يقل مار وثر عند نهي شيء ذكر شيئ كلم عدئ صمت صدقائ يتر اثر يزل,0
دعم عصم ثور وجب وطن,1
رأة سر وزن حية وسر جمل كون صدر حبة رحم علم عام وأن اقى أجمل أفضل يوم رأة,1
هنئ دكتور حمد جمل دين قيد حزب مصر نسب صدر ولى ريت,1
حكم مصر وفق رخص قنة نصر بين غلق قنة سلم نصر احس اخو,0
انت غلى للى قلى سنن بها زمل زمل فرق,1
عرف ان حمد رمض عمل سلسل رمض جاي اسم ابن حلل امل مين الل يبئ ابن كلب,0
نظر فى علق قال همى هويدى قرء جزء ثنى الذى نشر اليوم اسف طلب هويدى جرؤ اى قلب طلب,0
جزر بشر مصر حمد زوب نفس بسم وسف ثقل دممع سند سلم عزز شهد شفش حجة حسن عبد فتح للى ختش مات,0
حمد لله ولل كبر تحة شعب صرى عظم قئد علم دائ أبد تحة قوت سلح نصر ثور مجد شهداء,1
بنز دون يكس ويذ كحل زي ضمر دون يكس ويذ اخو رسي اول جلش رسي اول تيم,0
درا صرة قدم بهر سلسل نير صدق راااائع جدا جدا,1
حمد لله ملأ ميز,1
علق قلب امر سعد سعد طجى وسك حرة فتة توة اذا حرة مادفعتش,0
نظر فى علق قال همى هويدى قرء جزء ثنى الذى نشر اليوم اسف طلب هويدى جرؤ اى قلب طلب,0
غار طئر نظم دين دوم خمس ليح غوط شرق سأل الل يرد كيد نحر وأن,0
الل كبر الل اكبرالله كبر اله الل كبر عيد بعث فى وجد طقة يمن عظم عام وأن بخر,1
قرر كوس هيل مستنيينه زمنل سدة حرم,1
عيد لأم صين سنة تعت بإب سنة صاب شلل ربع سنة قلب لأم قدم سنن,1
ولد ميت عقب زمل حب ابض,1
بسم وسف لذذ,1
طرب وقح شتم غنى امر ؤمر يرد يقل امن واح قولو وقح غنى مثل قولو امن,0
روق الل كانت دين ودد فـ اغن وحد خيااااال,1
بسم وسف رنمج,1
صار شرع يدن فجر مصر ليل,0
احى قوت سلح شرط فى ينء قيم عقب جرم طلب يقع نهم ظلم اهل ينء وطن حرس حدد شرق مصر,1
شهد اخر كلم قرء رؤة نعم شومس سيس ولي تحد مصر,0
بدا هجر قبط نزل حدث وتر طئف جرم ضفي حق وطن صري صدق ان دول صدق ان شرط عجز حمي,0
ايه شيك دي واد اكد اخت مش نزل هرد ايه دة عرف ازي انت لبس طلو هتنزل ازي رجل,0
كلم شكر عآدل عبدالل بلن طرد الل حصل اصل طرد حلى,1
تحة رحل عظم سيد حمد حسن فضل الل علم قام حار سامح مجتهدالمجدالمجدداللبنانى طينى عربى لمى انس,1
نحي شبب حزب وسط جهد رئع فى نخب لذى سبب فى حصل حزب قرب ملي صوت صوت قنع,1
فضح عير ثقل لوء شرط فضح عان شرط خنخ لطج مصر,0
حمد سرى سلم صحب رسل كفح اجل طيل حيت لذل حتى وته ثاب رسل,1
رجل قتل ابن يسج رفق درب بسم يوم قبض انه لحق صحب دائمأ طمئ,1
امن شرط حرش ركب جنب طار زملاؤ عصم عرض نقل رار طفح,0
حمد لله ربايغفر ذنبويقبل توب حليمستيرغفوررحيمجبارعليمحكيم عرف الل أسمائ وصف اح,1
امل فى دول دخل فى حرب عدئ حرر ارض نهم توت كأن نشط ايم حرب كتوبر,0
زلت مستنداتى رسم لتى تدل انك حرمى سرق طرد فى نمك ولن تطع ان وجه,0
شكر يتر,1
سيس رئس نخب يسى,1
حضف جبن روت غرد تهم ملك عبدالل رهب يقم حذف رتي رهب,0
خار بطخ حلة جيد غرد علم غرد بصر,1
مصر كله هتصو عبد نعم فتح قـى يــ,1
بصـراحـه ناس بقى نفس تقل يلا ركب للى ودى ريت قلب هى ودى رخم,0
لحب حبب هما شبع رغب,1
حمد سعد بحب رقص وهم رأس,1
شبب حمل نشط حفظ مصر قبل برك الل يكم معا نغر,1
عتز مصريتى صعيدتى,1
قوة هدف كمل نقل سلط دني نخب بنء دول وطن قان دنة رفض مرس بدد نفس انتخابية جدة,1
نشر فئد عشب جنسينج كثر عشب فئد قوه ذكر زيد يعب حفظ ركز فضل خدم طلب,1
شبك الل حصل حمل جمع خطأ سيس قرر دعة ظهر ؤيد رئس كان وزم ظهر عرض,0
الى حمد عمر أمثال ايم قلل نقد اخو بشد جلس هيكل وقل انه خين ثور ثور شهداء,0
عقل فتي عما رفض قلب جرء خبر حمل بعض صرف عكس وضع قلب وخس فذو,0
راهيم حلب يعل فتح خط طير قهر جام عصم تشد اغسطسويكلف وزر طير تخذ جرء,0
خير علك مصر حلة لبس جدد شاء الل هيك احس يوم الل فات الل جاي حلى,1
فرق حدث شكل وضح ؤسس جيش لتى عتز فهو جيش هنى طنى وبين دور جلس عسكر باعتباره تولى,1
خشى يشه كلم بسم شرع سلم يشه شرع عبد نعم فتح ثنء لقه,1
لله حمد تجز محب تبع صفح قصى نصل لـ الف محب تبع غرد دكتور قرن,1
شكر شبب حبت ربن جعل كلم خلص لله وطن ده ربط حمل عصر قال حمد زكي همة صبح خير,1
انا هقل شرع حمرااااااا,0
طبل بقل سنن وفي اخر مش عيز بقى حمل سيس رجل جهد صبع ورم حزم عبد عظم حدث,0
علم عار عرف حقق يعل بلد بقت الع ايم رسي فى حجة نتم لسه شفت حجة تقل ورا,0
نحب لغة عرب لأن لغة قرآ ولأ نبي عرب ولأ لغة اهل جنة اليوم علم للغ عرب غرد بصر,1
برز نشط قلب طهر مصر علماء حرر شرفاء وهب تفق فى جمع درس,0
دون همة,1
هنئ شعب صري امة عرب شهر رمض ولي شهر فرص صلح وحد لصف وحق دمء,1
صور صار رسي حرق كنس درع جيش سوس,1
لبد وجه تحه الى حزب بنء نمه جمع سلم الذى نزل نصب فى اسس اجل حدث ال,1
خير دكتور عمرو خلد ضمن شخص أثر عمل جمع مصر لعم,1
وضح ان شبب اخو رغم ذكئ غسل دمغ تما دعو الى قرء كتب بشر سلم عرف انتهازية قادتكماقرء كتب فهم,0
اليوم سبع كلب ولس تأم محن شمس جمع منع دخل فصل,0
نخب عرص فوض فرق قبل دعى رفض حكم عدم مصر مصر,0
هجم حرم خطء فهو أكد شخص حرم,1
ده مش جيل زى هيكل فكر ده جيل ربع جيل عزة كرم صمد صور اسد زنز,1
هتل اخو حجة مش تنو ومش ضمر اخو بعد كلم مش هتلاق لوط شيط,0
ومن موبايل غطس بطن قعد ادر لقش وخر حجه نفض بطن قعد موبايل خبط وطى اصل عدي,0
رفض اخو خطا حزب وطن برلمانية جرم شرع صبح بنو سخر,0
بدا هجر قبط نزل حدث وتر طئف جرم ضفي حق وطن صري صدق ان دول صدق ان شرط عجز حمي,0
حزن مرض نفس قتل ربم ردئ بحل الى حية بئس جدا حذرؤ لان يجب حزن قلب لبد,0
لحد دنى لحد قصى سسس,0
احب حببتنى,1
عدلى نصر مصر خلص فى حرب سلم سلم نصر أخلص سلم تزم طرف اخر,1
قدم خلص هنئ اخة قبط نسب عيد يلد جيد عده الل مصر امن رخء,1
ان نزل لوء كبه قتل عصب رهب وسط جند شهد دلل شجع وتف حمي بلد رحم الل شهد لوء نبل فرج,1
ابن مصر فيش كلم جدو هلى برو,1
احب ربي حمد لله,1
بدئ عشن تفق افش حلى سمك مصر شكل عاموالله سمك وير برط ترك اله لزم جنب سمكناعاش سمك,1
سلم مصر زدد حترامى ؤخر كلم انى أرشح رادعى,1
عمر قبل حد بيف وفي وقت دعم أسلم قنع مش صلح,0
اخو ضعف اعتصامات جرم وغر سلح لأن حمي امر حكم فرج وتحدثناعن همي سمح طبق قان رحل,0
لطج اخو عدء علم حيط اكاديمية شرط سدة حرم,0
ولد الل قبل يتش امه هزر قلب دنا حد جاب اسم صحب رجل كده عشن امك الل قيل تعب عشن,0
شكر لكل جاوبنى,1
يجب بدأ حمل وعي لحث ناس صوت كثر لأن,1
عرض لمذ وجد يتر كذب بنت ولف طفل ماأجمل كلم عمق علق درس,0
تبع سعد عجب ئات غرد شجع سلب شيق وخف دم ورؤ نضج واستنتاج ذهل وهب مصر كثر يدف فسد وسط لصص,0
رسي حبس وخا ومش هيرجع صلح رفض سدة حرم,0
يلم دا لزم يخد سكر بجد,1
هنئ دكتور عبد نعم فتح أسس حزب مصر قوة دعو وفق وبأ يكون حزب خطة بنء,1
يرب انا مش طلب كتر انا عيز وحد فى خفة دم رنش وجن سوك جمل شيرى عدل ورق جنت واى حجة صافيناز,1
طبع دخل حتل درس هجم شعب موليتوف رخم كسر عفش درس عشن حدفو ناس كده دول هيب نحس بأم,0
سؤل برئ بتع يتر ايه فرق بين وبين سبو دلق يبن مره روفايل عره,0
رنمج امر عرب حلق كمل,0
مصر شعب يحم رب جعل بلد امن طمئ,1
معو هالاغنيه روع غلط اول رنا سمح الل اهم شكل,1
صدقاء رجء قرء علق لحظ ان دفع فكر وهب شمو جرد ان خلف عهم بعد سلم,0
بقي رمض يوم قرب تبد قصه جمل علو سجد أصو روح لهم بلغ رمض فقد فقد,1
قلب لسر عجل بنء علم قصد حري قان سرع حلم,1
حفظ قهر زلة عقر خلف قرب حكم دستور لحم وطن,1
ليل عبد رحم يذع سرب جدد لــ رادعى قهر ناس عشر رادعى خين بسم حرمى نشط,0
سلم شيء عنى ارد خصم حصرو سلم عقد عبد وطن جنس سمح وقة خلق ومد ثقف,1
اؤد قرر رسي يخص بعد نئب عام حكم إعد حكم لوث يده دمء مول صري,1
اسف سمى صفح ترس بسم وسف بدأ عمل لغة سيئ جدا ونا سند طيع سند سلب سيئ,0
حمز نمر انس,1
شمخ عنو ساد,1
شكر,1
صدم شعب جيش لاستخدام عنف ضد ظاهر سلم وحد لصف هى اهم ضمن لاستكمال هدف ثور سير,0
أتى عام الا ودي مصر سجل رقم علم تصل اليه اى دول ولن نفع لير خلج لوث دمء ولد,0
انا روميو يرو اقف شدو عجز انت تطل علي شرف انا احب ذهب انا احب أمد يدي لمس بقى لقد خلق أحب مصر,1
خبط عدي حكم رئس زيد إلغاء ضرب اليوم يثب انه لده دنى خطة او رؤة او نضج,0
تقل صلي نبي جدع خنق نفض,1
لرب وجد,0
شكل صار جدل عقم شكل حزب تير ترد دستور رجع تقص حقق حري بسم خطر متو خلف شرع,0
ماتدافعش كذب تقل مش اخو رضك ده ليه علج فكر انك بطل تعش قطع جمع شغل مخك شوة,0
اخص شكر حمد تجى الذى الم ازم صحة جهد فى جمع لصف طنى لتأسيسية دستور أسأل دعء رجل طنى بحق,1
لاي فى شرع عشر صبح شهد يره بلد فى علم عظم شعب مصر,1
كنت اكر قرء حول الى هوس حول بيت الي عرض كتب منه جدا اذي,1
كلم حلة صرف جيب أيك غيب حسن نور وجه ضيء قلب أثر خلق راق,1
لهج ونس فعل حلى لهج علم عرب ومش صعب,1
ناس طبق علي قول مطر سمء حرة عبد رفع شمس,0
شعة زي غير وسم شكر سؤل عمرو,1
يه يه يه ىء,0
يوم وفء رئس مين وفء دي مش وخد بلي,0
رفض ضيء رشو قطة نظم عدل دستور لتى جهل قرح نقب صحف نظر فتح قضة قدم رشو او ولد هتس نذع,1
ادر حقراء حقق اوب وعا خلف دستور يركى وتم صرف سعد عسكر مصر رغم قلب,0
كتب هرد عصر شهد فضل انت شبب الل عاك نزل يوم وعشرينشكرا خلد جمل,1
جوز لحل يسى لجء لحل منى فشل سلط واستهتار دمء سلط منع رقة دم صرى سوء عتص رجل امن,0
رئس هيطير سعد تصر هيكل دلق هيطلع هيكل يخد ومر خلج أمر وإسرائيل وقى كبر نهم اخو فشل,0
فكر رئع وكل عمل ريب ليه ابع نشن عشن نشر رجء عمل قسم خاص حمل ربع خرم الل سحق درة,1
احب حبا يفض يسر جوهر حمد بن ابي امة,1
طعم شعب غلب الل نفس خلص نئب عام يعن قولل قول اية دستور عيب واح نشل لبس انت ابد,0
ظهر سفر امر عهر خلج حسم رجع قلب عسكر,0
مجد لله انت شهد جـــ سيد وزة,1
علم يتج قلل نظم سمر عمد فحم مصر عيز تزد وقف فحم,0
هلى للى داي مفرحنى حمد لله نعم انى هلوى,1
صفت حجز صبح عرش عصم ولي عرب متحدةبس ليم عليها اول,0
فخر اني صري اول اخر,1
جمع نرد استقراره بنء ديمقراط يعا جلس عسكر آكل شرع يصر خطئ بتت هدد مسك دول تعد ورء,0
ربي بلغ رمض نرى دمع فرق غلي رار مرض قرب لهم بلغ رمض فقد فقد رمض كرم,1
نضل حمد صبح يظل نضل نضل يجد نفس حكو عدم تهم مرس نضل كان عام بكر تشف,1
شكر جزل علق جمل ويا رب عجب يلم نتم كمن,1
رئس حزب نور وهب ظهر جزر وظل يلع وثق سلم عند قال ذيع ان جلس عسكر سئل اول وثق رفض علق,0
ـ,1
تم حمد الل قبض علي عصم عري شوف صور,1
لهم بلغ رمضااااااااا نفس رجع بقا,1
فوز هلى مرت تتل كأس فرق دورى ؤكد نقص مكن منع جاز شرط وفر نوا طيب ربن حفظ ترك,1
اى دين او ملة اى رجل او شهم اى هنة او همة سمح رجل دفع هجم نسء فى نزل قبض علي تهم حمل سلح مصر تهن,0
يدو وفق عكش هيفاء ولة نشف حشة طوب هترشح رلم سبب,0
عود جمع اخو حية سيس نفس وضع سبق حيل طرمخ جرم اضي جعل قدم شبر,0
مصر شخص ريب عرفش شغل حسب مين ظبط سمو نجب يرس عمل قنة جسس اسم سرى فود تضف عمل رخص اسم جمل عيد,0
حمد الل على قدر شاء قدر شكر سبح شكر جزل قدر جتى,1
مصر جدى روس اعد سيح بكر شوفو مصر,0
تخل حسس ظبط شرط الى عرف انه هدف ثني اليوم وفي حرك عمل بعد طبع عمل اخو جمع رهب,0
اخو صفق ثور قتل سخر بنت مصر عند هتك عرض وضم خرج امن طنطاو وعن عند خلع شعب هتف ضد عسكر,0
حبب الى ان ينم قمر جوهر حمد درويش,1
صدر يلم حلو روح منع سما صري غنء رفع سئل دول وصي شعب لطو,0
كلف حكم رسي جوز ملي قلب نفق ملي حكم فى زمن جوز دقق شعب يشح,0
صرر شعب ونس وصل كيلومتر اخر ثور خرى حد ذته أهم درس درس كثر,1
خفء حقق بحج ان رئس علم علم بيد امر عرف صلح فكر خنع كرس همش وطن واحتقاره رئس وظف شعب,0
وحد كين عرب جزء امن قوم حفظ وحد كين تعي,0
عند صبح مرش حون نخب مصر يخف رنمج رنمج بسم وسف أعلم ان ثور زعم حري كذب,0
وطن عزل رئس عمرو حمزاو,0
شرك اليوم بدر ودف محو امة علم قوة سفر بدر تطع حقق هدف قوم بأن صبح مصر بلا امة,1
عدل فثم الل,1
ومن قال انه كانت نزه ده كمن وش,0
اول مرة اشف نظر بدن قطع صرخ وكل طرف وخد وقت كلم احي وسف حسي إدر حور بهذا رقي,1
كتب رسل شخص ذكر اسم حية صحب جمل بشع حزن تحز بسم فئل دائ وكن يقن يصب,1
بقى بجد كوكب قرد فكر شعب تزد مرس سوف قمع دلس نفق بجل برر ديكتاتورية فج,0
اخو عذب شهد جند موت منح طنطاو وعن قلد نيل قتل مصر عقل عذب الف عرف جرم,0
يقل رسل الل صلى الل سلم قال قرئ قرآ قرأ رتق رتل كنت رتل دنا زلت اخر اية قرؤ,1
ترى امر عصي شيء اذا نظر باب نظر اله احد ترى امر تجل وضح فهم لدك حول,1
رجل عمل لصص باع سهم ورص قهر ورص لند وحل رصد بنو علم هدم بلد خربو قلب,0
غرد ذكر الل ذكر الل حصن سلم,0
فتح رقب دول فكر يحل ناس الى ؤمن نفق وهذا ريد قبل,0
ورض عيشل انت حبب كفي ان انت حبب عمرو ديب,1
ايكل اون عقد عظم لعب لعب لـ درد عصر كريستيانو رونالدو يله شكش سطر,1
غلق حسب يتر نشر فضح فسد سبب ردغ اخو جمع رهب ترك قمع,0
قدر شغل يخل فرج دعي شرشوح شتيم وصل صحابيأ احب اضع عمر حاج لذذ مش قمئ,0
رجع لحق فضل حمد الل سلم حمد سيد نجر,1
نخب برلمانية قدم حطة كبرى فإم قرب بين وبين دول دنة بمع عسكر وغر دين بعد بين وبن,1
قاعد حمد قنديل هيظهر نخب لبس حيط ايه فكر نسي دعم سند رسي,0
جني نيا صدر حكم إعدام رهب خون بحب لمد عما قضه عمل عنف بمط عزل رئس خئن حمد رسي,1
شيلس زعم,1
تحة قدر ور سحق بقى دئم رمز شجع وطن إنكار ذات ثور دين كثر,1
زمك مصر خبر رسل راهيم حمد منع خدم عرب ربع نقل فى نقل ركب فى سيط سيط,1
طبع احد حرم وطن تفق عليها قوي وطن يجز لأي حزب جمع جزت برر ذرع,0
ومن قال انه كانت نزه ده كمن وش,0
علق قلب امر سعد سعد طجى وسك حرة فتة توة اذا حرة مادفعتش,0
اله سمك اسكندرية ندم طب ولل بلغ لفت علم الق ثيل أتوسل الك ماتحطميش سطر خصة,1
اخو الا ذكر شهد قتل شرط حمد راهيم أمر رسي عند شكر رسي قتل وعل حظر تجل عرف جرم,0
شهد اخر كلم يعد مجد حدث بشر,0
مش تخل حد مكن يدع ابه او امه كان خنق او عصب سف بر ولد ياو جزم,0
صور جمل عشب ساد امر رسنال,1
رفض لفز صري ظهر رنمج عمرو خلد حمل عيم شوه ازل مرة,0
زملائ حام رغب ضمم بدر سمع صوت لتى هدف دمج تحد عقه جمع سعد شرك,1
حمد لله بسم قمت سلم ورب رزق بند,0
يقل عرف بلد قاهرةلقا ادي ربع ارد الل مصر واهلهاآمن بذن الل اخو بلس,0
جمع قرح يكون اسم رنمج جمل رنش عمر الل وفق عمل ريتو ولد علم سحر رناسماحة,1
فرج يشن هجم طرق قذر تحد نخب حدث عدل برر عنصر فلل اكش دور,0
هدم نفس عشن تبن قبل علم مصر,0
الل ينر حمد قال ارع مجد كتب حلة,1
حدش عندو ضحك سلف,0
رادعى شرك قلب هجم جيش شرط حكم علم يصف فشي ضد قيم حية سان وفق طنى يفل ايض عقب,0
نخب تزر لكن شفق خسر حتم أتوقع منك الا شرك سرح لتى لدي خلف بطل نخب,0
كتل صمي سمر صمت اليوم انه قبل قبل ولد خطف صمت خين قبل,0
طقه يجب شبب صور اليوم اول ارب يدل وسم ثلث يوم رئع جدا ظرو قرب,1
علم فسد فئر امر سند اخو يوم وفد كونجرس لقي سيس طرطور لوى جان رسمى,0
لهم شرك حمد نعم ملك شرك,1
حبب فيك ضني نطق عبر انه سان كله قلب رجل صطف حمد ضي,1
حدث شخص حدد كان فى وطن كان هزل,0
يرب جعل يلة فرح عشق علم وفق نصر نصر شبب,1
احس حجة غني سكة ايه ايه ايه ايه الل امر يقل بيغ علي طول,1
حدث ال خلل ايم اضة طلق خبر داول وقع نسب الي بشأ تطر حدث مصر كذب فبر,0
شفت سمء فوق تخل مدا نجم أجرام بلل ولل خلق عدم حتو اني احب غط عليها تخل,1
امل كرر ايم رئس رسي يحس احس وغر اليهلكنه بدأ كذب إخلاف وعد سبب سلة دمء سحق احس,0
صوت جمع برع اخو دخل لجن درس حمد عدد شرك وطؤ قضة شرف,0
ؤمر حقق مصر عدة ناج بدد إجراء سارع نقل نئب عام عين رئس شار جلل عسف رفض حجز ريء,0
صحح وقع خلد لتم شاب وحد كثر جرء دفع دنة دخل سبق رئس,1
شهد جند صري حدد بنر صهو جرم قبل دمء شهداء دعى وقف جدا حفظ كرم وصي حدد,0
عرف بلد غرب سرد وجد بني لال وهي دين غرب تقع وسط غرب ملك غرب سهل,1
ايم حله ايم عمرو ديب,1
رطم حنة ملي زيد ومش دلدق اسد,1
قدم شكر جزل فنن قدر هلة فخر راي الذى عتز,1
عجب يدو صحب سعد راهيم عيسى وقع,1
علء اسا الي تحل ديموقراطي تحد عنه سلط حلي قرأ قال كمل,1
قدر احد ان يعد صري الى حظر خوف لقد ثور كسر حجز خوف الى ابد رجع طلب ثور صدر ضدن الف حكم,1
وجه نظر سذج تقل نضل اضي يحق تحل ندل اليوم,0
قرر رسي هنة ذات شعب قضي اجل ذات خون,0
ـ ـ ـ مصر رهب,0
شكر كلم بلس جمع,1
تدع دين نشر كاذيب اكن عضا وطن نتم تجر دين,0
لهم زد احب عفا وعف وفق سدد صلح أحفظ سوء خير,1
عام نتم بخر عرف علي ظهر فرح عيد فطر برك خلل بوم صور عيد حاء علم,1
خبراء زرع شون زرع سبب هدر كمي كبر قمح سعر ردب رضي فلح مصر,0
طرق زمر توى رهم ترج غصب امة سلط,0
رج ولت وه بتن نوث خت لف جم لني صبح,1
رحض صطفى كرى جرد وطن طنطاوى قال لى عسكرى جمع تبع نتج رئس دخل حمم خرج أجد رسى رئس,0
رسى يعد رئس خرج شرع وقراراته ثور,0
انك دفع اي بنت لقي حد ديق شرع رجل دي خلق جمل,1
ؤلى نبع ايم بأن الل يضع اجر احس عمل وجد احس أعظم عمل يضح شعب دمئ حفظ وطن عرض,1
انا شهد جمع اخو وهم حول حرق مصر ذبح ضد مدن عزل جند ضبط لازال حدث مبادار صلح,0
وصف حقق ميد جمع اخو سلم حشد صار ضغط لجن شرف نخب رئس لدع,0
سدة فضل جرد صري اليوم خبر نشر حول لغء ندة بند شمس دعي انتخابية خبر صحح,1
شكر,1
عرف طلب شرع تعلق حكم قاذ وطن عدل دستور وتق وضع جمع اخو كإطار حور اقر بإلزامية نتج حور,1
قتلى أكثر صاب حفظ خلف قدم كرث قتل اهل حذر دوم نبغ رفض ومواجهته لدم,0
خاف نظم فضع عين حقق حلم فاعتقلوهخرج كمل طرق قتلو بسم حسن حكي ثور كوت سعد بحر قطر مار عمن عرق مصر ونس جزر غرب ردن سود لبن اتق ربن فيا زيد حس بيا وزر ربه علم ثني همش ديمقراطية طير ظلم أصو ديمقراطية فى صحف وحل ارخ عمرو حمزاو بوب شرق للى عيز سعد غزة حتج جرح مخ أعصاب وعي دمي عظم سفر عرف تحد اطباءالعرب وصل دهشام قال دعمرو حمزاو جرد وطن بدر خرج ازم فتح حكم اسرائيلية تطل صرع لسط لأن يمك رار مسك بدن شهد جلل امن ضيف اخر كلم حال شرح حدث صري حفظ لقب منى طحو سمح ورس خلد حنف حمد عدل بسم ندر سيد صطفى سعد اخر كلم هرد حقق استقصائي عبقر فسد ورص صري اسف هيتو زحم حدث,1
اهر فخم اسم كفى,1
ردج سمر نهج حول يلث لمد ثور صري وسف حسي سدة ال,0
غلق قنة فرع لان كثر كذب او فجر لان اقل احترافية فى كذب فجر,0
اخو صفق ثور قتل سخر بنت مصر عند هتك عرض وضم خرج امن طنطاو وعن عند خلع شعب هتف ضد عسكر,0
اليوم سفل اخو حرض ضرب طبء خلد صلح رمز سقل,0
اليوم علم للغ عرب فرض يوم وكل سعة لغة قرآ تلو يوم لغة علم درس لغة عبد لغة امة خير,1
رفض دستور بطل سمر حشد ياد صوت بلا فاء قطع دستور بطل واستفتاء رحل تغب عنه شرط نزه,0
فضح كذب قنة جزر كشف مثل اخو دور وتى,0
نسب شمخ فده يدل نقل شمخ,0
شمروخ فى ايد غنى نار رمز حفل وان جيت فى يوم منى مش عالبال تعش ترس حرب مر سنن كور جماهير,0
كلم تقل بيت يوم وين ريح,1
دقق حدث حبب دعبد نعم فتح قنة حية رؤت وضع خير فى مصر سقبل بلد,1
خلق جمل حرم اي مرء ماتجرح بقل عمل,1
ويت فى عشق كين هلى,1
اوب ميانمار نجح سمر قمع قلي سلم عرب سلم روهينج,0
نتى عيش فى سرح عاوزانى اكن كومبارس فى خلف كاريو,0
نصب علم تما جرم كمل عمد غبء نصب علي علم عار فى مصر ارس جرم عمد غبء جمهور,0
دكتور صطف حمد شرح طرق بسط,1
بجد كدة وفر وفر انت قرر نخب يسى ان حمد صحب وكن عاه وكأ فكر يسى فكر حمد حمد سعد متآ,0
انا سعد قيم بأي دور خدم وطن حفظ ضحي لتى قدم شهداء وحم طلب ثور,1
سلم عين حلى شير روح شير حمد عرق جرح,1
ده تسب نخب برص,0
ناس لزم تحس جت علي فيد ستى قصد جمع وسف حسي نقط لقء مص,1
لدي رغب عرم نقم جءت فرص سأك كثر شرس نهم عرف ليل,0
قل دستور نقذ مصر عنصر دسكتاتورية قسم,0
ؤكد حق جمع اخو حفظ رخص كجمع هلي زال نشط اهل نطق قان سنه رلم,1
دستور يمر وفق ثلث شعب اقل فقط غلب طلق بشر إنقسام وطن طحة قرر ولن عمر,1
مصر وجد خبر سخف حل اخو جرى قلب اسأ لحل بلد بلا دستور قان خطف,0
فضل برر معايير بيئ صرم لاستخدام فحم صنع اسم وفي اخر سمح باستخدام فحم بدن وفق بيئ وقف فحم,0
امن شرط حرش ركب جنب طار زملاؤ عصم عرض نقل رار طفح,0
ودف ريح بين علي صنع كرس ودة قمة هبل علم,0
فش لغل يؤد قتل نهي انت برل بتع حري مانبهتش لكد بقى وصل خلق سلم,0
شكر اخى شكر ملك سند ادم الل حبة رمض كرم,1
اظن ان فسد شيئ فعل صلح يجب اعل جمع سلم اخو نظم رهب صلح سدو,0
علم حرم وسف حسي طلب إعد فتح حقق حرق سرح قصر ثقف بني سوف,1
علم حمد فود عقد ؤمر جماهير بمد زفتى حضر فنن غدة عبدالرازق دعم رشح عبدالفتاح سيس لعب اسس,1
اعط رسل الل رأة كان علي جعل دور كبر جمع شهد عرف يوم رأة الع,1
بلغ تدن بعض حد وضع صور وسم حسب يتر زيف وإستخدام طول حبب وزج خوض عرض دول عبر وقع جدة,0
يوم رأة علم ذكر يلى خلد فلسطينية نضل ضد حلل اسرائيلي وأل مرأ تقم خطف طئر,1
طقة بشر اذا احس غلل هى رصد عبئ قوت فى عدد,1
صور جمع سخر عظم حمد سعد الخ صغر فنن صلح سعد,1
الل ضد طهر دخل رسي جمع احدش منع دهوياريت تور شطر نقد كذب رئس جمع فشل ذرع,0
اى ولل سلب حية,1
ختلف حكم عرب حدث رائيل وكأ جنة وسط صحراء كلم تفه رائيل عنصر واستعمارية,0
صحف رضي نصر يتل يدو زمل,0
جيش طلق نور جزر رمد وجه عنف ثور,1
هاشتاج صحب صحب بعو وكم قدر صفح فيس بوك يتر شاركو ربط ماع فى,0
لحظ صدر قدم وضح سلح جهد ينء واستخدام ضاد طئر درع خدم وجه جيش واط لمد,1
اون تى جبر ضيف قول ترد ذيع رفع ورق امم ضيف قرأ علم عار,0
الل يقل حرش نقص دين ورب عظم نتس مش تدن ده نقص خلق الل يقل حرم كتر تحرش تجز,0
سبح ازى سيح ييج حفظ قصر رهب,0
فعش حد ييج يمش عدل ده قرف ده,0
بص سيد انا ضد فض عصم قوة أعل ده حرس جمهور وأض غلق محط جعل دعم طفس قيد فشل,0
نظر برجماتية يمكن ليم عندوش قلب فهم بطن,0
ثور صرة وحد صري نسج كتف صري جمع إسقاط نظم وحم بعض ظل غيب امن كمل,1
كرر حزب نور فعل وضع ذكر فعل حقر مثل رلمانى كيمى,0
تهم إزدراء ادي حفظ شدد سبب تهم يخد حبس وكل قتل شهداء نعم برء عدل عدل,0
أسلم جهل دعياء سلف جمي خلق بدئ تشم يضح جثث جزر ربع عدي,0
برض الل يخل حله توب انت لكش دعة بغر,0
قلت رئس شبب ثور لفق ضدهم تهم جهز امن ونت تسل جهز امن ريء يهم وقع ان عرف جهز امن لفق عذر,0
حمد شفق قدم ضده بلغ هدر مال عام فسد عام وقد حمه عسكر حقق رأي رشح رئس تهم بهذا عدد جرم,0
حاج فرح مصر لمة رمض,1
خلد علي رفع دعم كهرباء غاز ولر بنز جرم يسى ضد قرء حرم دعم الل دعم,0
اهو دا الل رئع سيد درويش بصت جمل دين ودد,1
طرق سلم تحضر ظنن احد سبل نضل سلم شرع ضغط علي حكم طقه نهج نهج استقلالي,0
مصر خطب دعي حرض نمي رحل ستن مصر تعد ورء رئس حكم وقف مجد سيس جرد,0
صحب محل فى شرم حفل قلب اذع سلم يدى اليوم ظهر ضد قلب بكر شوفو مصر,0
وجد خرج ملك منع شرك جهز يفو عرف حجم تعب رهق الل عنو حال يرب تضع تعب لرس,1
انه خلد بن ولد رضي الل عنه فخر هتلر,1
قلب قرض لير خرى بنك فى مول صري بخر بكر شوفو مصر,0
حكم عسكر جواسيس للى تعو رائيل توت كأن نشط ايم حرب كتوبر,0
انت قصة عشق فهم الا نجو,1
شبر عظم دوماكل واح,1
لزم كلن نرح تخب اليوم لأن منة وجب وطن نخب شعر بحق لكة بلد عمرو خلد,1
درس ارخ عدء مصر بدأ دائ ضرب سور عدء شعب ورى همج ربر يجب سمح مصر,0
جمل ان يقظ صوت دعبدالمنعم فتح اول حدث بين وبن يقل حدش قدر يجي جنب ده انت زي بنت,1
حمي حرم,0
صفة كتب رشد جمع بحث حكم حكم دستور رسي وخد بكر رضي,0
معت عمل حق شاء نقب قلة ملي عقد ؤقت بعد رشح تخب نقب عدم وجد حد انس أجر,0
بور ولد دعو الل ان جمع شمل اسر بيت طيب جعل خلد ابن نعم ابو,1
عند صبح مرش حون نخب مصر يخف رنمج رنمج بسم وسف أعلم ان ثور زعم حري كذب,0
زول فى شرع بنت كمة شده عصب للى قبل يجب الف شكل نفس فى حد ذته مصر حرش,0
عبر ناس دخل كاتدرائية شعر حرق قتل بنء سبب غطي علم رسم خزة,0
جزك الل عنا خير رسل الل حبب,1
حية جمل عند خدم ادو سعد امل فأل حسن يجب ايم قضء الل قدر خير وشر,1
لتج مخ,0
دا خنقنى سعة دخل طنيطر صدم للى جبتلى شلل عرف انه سيحى,0
عدد كبر امن بزي دني لصف اول امن ركز نصي جلس شعب دخل لطج,0
بقت رئس جمهور همت يسى رسى وكل للى هيجيب سير برض,0
نمي حور قنة سوس يعد شرع قوم سدة حرم,1
سيب انت انت شخص جمل,1
طغم قلب ورع عقل نسء ظهر جهل جمع حقق قرر جزر,0
صدق قال لاتستطيع شرء اخو لان قوم سعر يبع اخر بدن يرض غيررضى الل بدل لله طوبى صاف اخو,1
الس لحب ان نظر الى وجه جمل أشعر انن ملك دنياو انت دنا كلم لحب مصر امر لسط بحر سعد,1
حضر ؤمر عام صري حرر فخر سعد شعل امل,1
جمل خيل حقق جمل درر حكم عجب حكم قلم شوق بوح شعر قصد رتي الف تبع بـ,1
حسب الل نعم وكل فيك رسى انت كلب خرف عري سحل ظاهر قبض قصر الإ,0
دور شرف لعب اخو حمي ميد وقع جمل طخو عند قرر صنع وقع جمل حتة مصر رسي كذب,0
رنمج فضل سكر,1
عود لسج برك,0
تحة جمع نسء يوم رأة علم حتف رأة يوم وبن وأخ رفق درب وحا صنع امم,1
لقط لتى نشر لجن كتب دستور وحى ان مصر دول بلا دين خلق قيم ارخ رجل,0
نص قال تحد شرو كمل كنتم رجل مش هتبطل حقر نضف شوة باب غير,0
ننع الي سان رمز تألق نضل سبل حرة نهض كرم سان قائدوالمجاهدوالمفكر عرب حمد بن يلل زعم ثور جزر,1
عرف زلت احب يرل قمح,1
ثوآ يء درس جمع كلي وسط جوز فلس صحب صلح,0
طيب اكل بقى فحش ريت عمرو ادب سرل ازي لمس حدد كانت حمل جمل برك وقف رنمج,0
بلو صنف اخو تنظ رهب قرر سيس بلو مصر,1
غرس بذر شهد حسن بنا يسق بدم صحب ظلل يتم فتك بطل صندوق نخب ديموقراطي شعب اخو,1
لقء رئع جمع شيخ عدل كلب أشكر كرم ضيف فئد علم قدم,1
صوت جمع برع اخو دخل لجن درس حمد عدد شرك وطؤ قضة شرف,0
قلب قرر عمل قمة فى حيط طار عشن الى لحق هرب عمل فور سقط قلب غور فى دهي,0
هذة مصر عز فخر لهذ امة,1
صرى احس زنق فى وقت شغل اه ولل,1
سلم يدي جيش بلد شعب بلد حرر ينء صهي اخو,1
فاء ظل شرف قضي نقص نفل امن وضح نره عنف ونت طرق قرر عبث أقدار بلد حكم سؤل,0
حفظ الل خدم بيت أدم ذخر سلم سلم ذكرى بيع اسع,1
نخب برص,0
وإن امم خلق بقت فـإ ذهبــ خـلاق ذهــب خلق جمل خلق جمل,1
لله سلم بنئ جند حرر هنئ اهل حبئ بعد هنئ شعب صري إطلاق سرح,1
رفض نسب هجم ينء ضد خلة رهب رائيل,0
الل يبر فيك هند,1
سمء شهداء ثور مجد شهداء ريتو كتر جدا بقى,1
نظر ثور جيع قرب جدا مصر ليل,0
يلم جمد جدي فعل,1
عند دنى شك صار تير شعر سلم لجأ قرب جدا تصف خلف عهم رأي هرب فشل حل ازم وقع,0
خلق جمل غض بصر,1
نخب عرص فوض فرق قبل دعى رفض حكم عدم مصر مصر,0
بين جيش وضح جال حدث قلب عسكر كذب اخوانمرسي است شعب قرر يكون رئس عشر فقط أسقط شعب,0
بحي قلب كتب رئع مهم جمل غني بتفاصيله حزن وجع مدهشةلو عصر كتب وجد كنت حفل بيه,0
خلق جمل حيء رجل,1
تفووووووووو غزة قصف,0
مصر جدى روس اعد سيح بكر شوفو مصر,0
لقب رنس سبع ذهب الي حمد يسر سلم,1
اسء اليوم غيب بسم,1
امر عيد الل فعل تقل ريكر صرح كاريو سكة,1
قصر دين خضراء,1
قبل صري صوت فى نخب ضمن رلم عبر شعب نخب مثل شبب ثور ضمن رلم يست هام ثور,1
شــايــف طريقـى اخر ــر مش ــا للى عيـش مكســور ماوصلتش رضو عدى هاعيــش حيــاتــى هافضــل راضــى كاريوكى رئع,0
وزر وقف مصر منع رهم خطب جمهور مصر شيخ عرص حزب نور قلب عسكر,0
عدء فنن خلد وسف لطج ابو اعل يدل ان رسي جمع نقل مصر دول الى عصب سقط سقط برك,0
خرج جمع قدم عطل ظلم حرم طمح الم قهر علم,0
نخب برص,0
فرح ونت جدد بقه,1
حظ علم اهل فرق,0
رفض لفز صري ظهر رنمج عمرو خلد حمل عيم شوه ازل مرة,0
نبض اخو عصم سلط ثبت بدأ احن مش حانقدم نزل ومش حانعترف وحانتحبس مش مهم,1
قال رئس لسط حمد عبس حدث لـ يهد هولوكوست بشع جرم عرف بشر يوم زمباوى ونت عبس,0
نيج بقى لاستخدام دور عبادةغلط كبر غلط بقى صرر طرف خدم فتى وجب حتلاق رد فعل عكس,0
حرم علي شرب جوز روحى نتى طلق لكش عوز حمد حسن,0
خطب رسي بمد حرر وفق قسم رمز ضرر أكد شعب صدر سلط على دول دنة ديمقراطية حقق وطن جيد,1
بسم امل خلى خير لكل ناس يري سمه شاب سور,1
بكر احس ولس امل,1
حمد صبحى أفز بـ رئس شعب يسى رجع نظم سبب خطء حد خبط دمغ حزن ده خله يفق,0
معز مذل قصة علي عرض سجن الي وزر دخل ونس,0
زار رسي خبئ سري دعلاء اسا كتب قله عنو رئس ينم ربط,1
جبه ثور سور قطع جنب قنيطر تمك جهد ضمن عرك صدى فال اليوم فضل الل,1
شعب عشق عبد للى رفض يسى رئس عمل فول بعض,0
الي تجر دين قل سوي علم علم ويل لكل افك اثم,0
جدد أكد رشح هندس شطر خطر مصر على فرص ديمقراطية يقل خطر رشح عمر سلم,0
قطع اذن وطن حرق كنس عدء هلي شهداء سمح عند كتب شاب ثور حئط قدم حكم عسكر اين عدل,0
عبد جلل شرنوب كذب حمد رسي كذب شوف كده مين الل ليه سبق كذب إخلاف وعد واح برح,0
مرر دستور كرث هدد حرب هلي كأن نمض عقد شهد زور هدد سلح شغل يلق عصب,0
تصدر كلم نصر شبب هلل اكش دور شجع ندي بدن عصب رنمج ايف رئع,0
وسف حسي لقى هدد قتل رهب سمرةازاي وله ناس دي تسب كده مش حقق عها,0
اير خبر لـ روح رفع سعر بنز,0
اقل حجه دنا مش حتج اه ولل,1
جزر سور مستمرةأ امم تحد حمي ريء عرب قيم وقف شدق نظم كان تعر شعب,0
نفس فى اية فى جنة كلم رسل صلى الل سلم,1
شهد اخر كلم غضب تزل ذكر,1
شرق شمس بدأ عمل برح نشط وهم علي ويد وحد ونة تجدد حلى أجمل تطع فى عظم حمل,1
جمل اعتراضية ـــــــــــــــــــــــــــــــ نخب عدل,0
ضبط حشش لجئ سور فرق شهد فصل,0
ودف عبط ايد,0
عام وأن بخر وكل منا سلم نفس ومع غير وفي وطن تسع جميعمازالت قنع شبب مصر ثور لحل امل فكر خلق قيد فتة,1
تسب علق,0
بأن دعي الل وحد كفر يشر تؤم فلح لله علي كبر غفر احب ربي,1
الل خرب بيت للى قرح يرد فحم قول امن وقف فحم,0
حاج فرح مصر ناس كبر الس الل دعل جرد انك ردت سؤل أدب او عدت طرق,1
نشد جمع بعد قتل اهل لزم عبر سلم رأي فرض لون دمء ياد شرع صرة نبه,0
عظم نجح جهز دول لتع اهل ينء طلق سرح جند خطف رقة دمء درة ازم نجح نبغ شدة,1
نزل مجط ترو شرع مان امر رنس ناس لتح وزع صحف ونس تدع سلم شرع احدش كلم,1
عمد تعب ضبط وجه شتم هزئ اخر قلة ادب وأن عرف غلب الل هيحصل عاه يعن,0
لهم غفر أمو رحم وعف وعف عنهم كرم زلهم وسع دخل جمع جنن دعء دعي غرد ذكر الل دعي يرب,1
ان اون رحل يدل عكك,0
تحة شبب برل جهد سبق وعي شعب خطر عود فلل وتح خرى حمل رئع,1
الى ينا جورج ونط غير سمء روفيل شتمونى عشن سأل بقاش دين عنصر وفت قلة ادب غبء كمن,0
امر دلق محط نوي شغل رمج فضء شغل بحث علم ديو صنع حزب وحر رفضإ بقى شغل,0
فى زمن قلب قتل سلم لحى فى مصر رهب هى حرب سلم واستعطاف غرب قبط,0
عدنى ان شرك بري خطط عرض رنمج,1
مش هنس اي لعب لبس يشر زمل لعب علش زمل مش علش فلس حب زمل جمهور زمل قلب,1
اي شرب غزي كو حفظ مش فهم,0
حدث عمر وصم جبن مصرىالد لله وطن جمع,0
انا فعل نفس حصل ظره حمد سيس,1
بنت عمر انت امل فى عين بنت هندس,1
ونح جبه قوم عدل دمقراطية ؤكد رفض تام شرك فعل هدف عدة رسي كانت سمت,0
عمد تعب ضبط وجه شتم هزئ اخر قلة ادب وأن عرف غلب الل هيحصل عاه يعن,0
ايم هى ايم خلل فزع معايير حكم امر فى جال عام فى مصر وفى بلد عرب,0
ليه نخف موت حجه حقق دنا,1
برك عند بنء رسي عند جمع وحد الل غلب بلد دي عدل نصر تحس قطع شجر,1
رئس هيطير سعد تصر هيكل دلق هيطلع هيكل يخد ومر خلج أمر وإسرائيل وقى كبر نهم اخو فشل,0
بسم امل شفى سعد غير سعد نفس,1
سعد ريض امر دبي جبل سوق,1
ببا شند ثلث وطن خلص مصر عظي رحم الل,1
قال رسل الل صلى الل سلم سيأ ناس زمن قبض دين قبض جمر بكف حصر ضبط شركاء خلع يمن مصر,0
بعد هزر بقى وكد قلب بقل ربن سعد زي سعد قلب ورب رضي امردسلام علي,1
صطفى حسن طرق الى الل ناو,1
مش تخل حد مكن يدع ابه او امه كان خنق او عصب سف بر ولد ياو جزم,0
ذهب الى جحم حرس جمع,0
رهب تطر وصر حكم رهب ناس فجر تعل نهم رهب يقل لهل علم ملك,0
خرج جمع قدم عطل ظلم حرم طمح الم قهر علم,0
قصة عجز حكم حرك سفن رااائع,1
تحا بلد,1
ضبط حشش لجئ سور فرق شهد فصل,0
حضر صحب جلل خلف رسل الل عثم بن عفن نور ذعه قرآ,1
عرص بقى ريض أنضم اولومبياد علء صدق هيخد ذهب,0
رشح قيد شرع جبه نصر لنل جئز سكر ألف سرح كتب قصة خيل قصر ريتو كنت ؤيد,1
اعل ودف جدد بتع عمرو ديب دا حور,1
يتر نسب الا رفع شعر ربع انه اسد ردغ مصر ترك,1
عيد احن طيب سلم سيح بلد رتح نشف الل قتل شهداء تعلق ان شاء الل علي ظلم نصر يرب,1
مرة رته عقد الل تحب قطع سهر طول ليل يلم حبت عشن زعلش سيد نبي سيد عئش لحب,1
نهم كبو بطل كتوبر فرق سعد شذل كتب كذب شعب رضى عشر كتب ثور يأس امل,1
تدع دين نشر كاذيب اكن عضا وطن نتم تجر دين,0
فأن تشدق دفع حري رفض رأي اخر يقص خلف عهم بديكتاتورية,0
وسف حسي هدف اخو وصل لمد حرر يطر سدة حرم,1
سير دين مصر سبق ويل قلب ثور شعب عظم,0
بحب رقص وهم رسى انت نجس اصل نخب عرص,0
كانت فين روح حلة دي ايم زمن نص ملي فرق ورز فعل يغر انس تشكر بهج جماهير,1
عبد نعم فتح جمل عبد نصر مثل على شبب حتى نكس رنمج ضمر قنة درم,1
كمل حرم لـ عبس الل مسك لسن شتمش,1
جاز ثور عظم شرك شعب عدل سيس ؤكد انه اهم لعب,0
تصدر كلم نصر شبب هلل اكش دور شجع ندي بدن عصب رنمج ايف رئع,0
يجب بنء زمل سند يدو دعم شكل كبر يدو طاع تغر شيء كثر دخل ندى وجد زمن بعد قوي,1
عيد فطر سعد عده الل مصر بشر خير حرة عدل سمح,1
سحر نوم رحة صطفى حسن جمل,1
سعد ان تجد روحآ تشب بكل شي,1
سعد لقء هلى نصر فخر أعضاء حمل دقهل اتح لقء رتب زير كنس لقء قوى سيس,1
تبع سعد عجب ئات غرد شجع سلب شيق وخف دم ورؤ نضج واستنتاج ذهل وهب مصر كثر يدف فسد وسط لصص,0
برك سحب مرت فعل رجع معلوماتك,0
يدو وفق عكش هيف ولة نشف,0
يرو قدم حلة,1
راهيم عيسى قلم شجع ضمر يقظ علم برز فى ارخ هنة تحة فرق دستور بقى حرة صحف فى مصر ثمر حقة نضل صحف,1
فعل وزع رشر سجد وقع كانت رئع جوب ثنئ يتم رفع صور قلل,1
وطن خرج تدن عدء اسرائيلية مصل سجد قصى,0
تهم عصم عري حزب حرة عدل إحداث فتن قتل إصب صري,0
جلل عمر غئب حضر,1
تبع سعد عجب ئات غرد شجع سلب شيق وخف دم ورؤ نضج واستنتاج ذهل وهب مصر كثر يدف فسد وسط لصص,0
خبط عدي حكم رئس زيد إلغاء ضرب اليوم يثب انه لده دنى خطة او رؤة او نضج,0
ؤمن اخة علي شعر ربع خلف زعم ردغ نظر ارع رسي رئس,1
لتج مخ,0
نصح همة ورع قرب وتس اب شرو رتي تسب سعد كوت قطر درر,1
قلب يرد قمع ملي صرى حول امر جبرو قمع نجح شعب مصر عظم نصر دفع علم لاحترامه,1
فضل لعب علم يرد شكك هدف اخر ارك رونالدو يعل نفس شهر ربع اقى رشح كرة ذهب,1
يبب رجع محتاجينك بجد رجع بوب,1
صلة قصى عدل صلة ثوب صلة فقط ثوب وصل جهد قرع يهد اثل ثوب أجر,1
يحي قدر خطط اخو ينء ؤكد نهم خطر دول قال حزب حرك وطن صرة قرر,0
قرأ قرآ رمض فهم عني فكر نوت ختم قرآ رمض عرف ثوب قرء دبر,1
حقق ثور هدف صفق قتل,0
عرض لرد علي كلب سيس حمي فشل كذب رشي بذيءالشتام ضعف نلا ولل ولك رفع إعراض الج,0
صدء ثور ونس حرق عرب نفس اخر كلم ليل عشر بتق قهر ثمن,0
دا خنقنى سعة دخل طنيطر صدم للى جبتلى شلل عرف انه سيحى,0
عرف انا بكر ناس الل خسر اعز صحب عليها علش خطر حجه مالهاش لزم ـ انا فعل بكر كور,0
تحة بعث مصر بارالمبية لتى حقق جاز سبق قدم درس فى حدى صعب رفع اسم مصر عال شكر حمد لله سلم عود,1
الل ينر دكتور ده فكر للى عيز مش سجد وكم كنس,1
ذكرى عاد ينء مثل عيد عسكر دبلوماسية صرة,1
سعد جهد صدق شدي شرف فرق جمهور برو رمج جدد لابراهيم جرح حسن حمد,1
فتح فى دوق كانت حكم عصب نر ثيل فى ارخ بوب شرق,0
طبق شرع,0
إنس كمل قوه عقل قدم نفس شهد هطل رسي,0
دمغ دخل بيظ,0
الل ركل دكتور ابو فتح,1
اخو سلف سغل جهل فقر دفع امي صوت لاى شيء بسم سلم شتر صوت زيت سكر ديمقراطيت اسف,0
وسف حسي فضح كذب قنة جزر كشف مثل اخو دور وتي شرف قنة جزر,0
الن عمة حاج شكر الب لاء حاج صبر الذ حتج غفر فم شكر بر اس تغف ال سعد,1
رهب لاد ارض رهب سوس نخر فى عظم وطن وجب علي جمع حرب,0
هتحب صحت نوم علش تقل بحب,1
ونا صغر كنت ديم اسي زي,1
سرر كلم,1
رمض خير قرب,1
سكر زيت غير كتب ردد كلا فرغ وبالمناسبة دعو قرب جمع برع قسم حرق جمع سيط حلة سيئ جدا,1
وعى نسى انو احس هدف لعم بكل صدق تم سجل دور ارد,1
حزن عظم سني امس وأن شعر واط قبط شكر حضر كنس هنئ أعياد قيم وكأ عمل استثنائي عيد,0
جدد يتر رئع انك علم بلغ لنك لزم بـ حرف,1
خلو مجن,0
الل يبر فيك حمدلل شدو رحل لند الى ربل كنو وثق خلف عظم مورينهو صيعر صحف علم,1
ثور مرج عزب نخل طرة شمس بقش رجل ماطلعناش ال سيد قسم مرج ليل رسي اخو نخب عرص,1
اسا فعل اخو ردا سحل فتة تعر قتل عشر عسكر كان حالف عهم ذاك,0
بكر مايستقيل خد عاه ميكروف بكر متن خد غرض جلس,0
قلب دنا سحل حمد فى زمن رسي وصم امم قتل عقل سجن عذب عرب رحل,0
عيد لأم الم عيد حية,1
قرء ادة صوف عمل كده ليه قفل سنة جمع دي مهد حرب شيع دستور ريب صري,0
اليوم سبع لوى وزر وقف شار شيخ يصل كاتدرائية هنئ خبر مصر اليوم سبع,1
فكر شخص تحب دعو لسر دعء ظهر غيب دعي جاب دعة صئم ترد,0
رجل كرم الل صهر كرم خلق مرت زهد مول تجر طمع رضة الل كانت لئك سحي عثم بن عفن,1
وطن خرج تدن عدء اسرائيلية مصل سجد قصى,0
يوم عظم شعب عظم بذن الل حشد صري هتف سلم تحر صخر نصر قدم نصر الا الل,1
مهو وحد صبح علي جدل محن كدة فرض بقت اليوم هيبق عمل ازي,0
شكر جمع وقت ثمن سعة تكف عكم,1
ضعف نخب جماهير قصر حزب جدد يطل بكل أكد قوى رسخ شهد سيس عقد لطو برك طول هكت,0
لهم مطر قبر حمد حسن جمع على قبر وتا وتى سلم سحب رحم يرب لهم غسل ماء ثلج برد,1
بيض طمطم نفذ فى دلج هلى شرو نظر وصل صبحى تبع,0
الأ مل نفذ صغر صغر حجم انه فتح فقا وسع حية,1
ابو فتح علي حرر الن حور قوي جدا,1
حي طبق توسط علا مصر اليه كتب ثقف صري بحث زيج ندر تفق طبع,1
عيب يتر كثر ردد فعل قلل فعل شغل شكل بلغ حدث يوم خطط قبل,0
شكر شعر طيب,1
قلت رئس حمل حرة عبر بدأ غلق قنو صدر صحف بدن سند قنو عنى ان هجم اخو يتم غلق,0
ودع اليوم فقد صحف صرة صحب كلم حرة ساذ سلم حمد سلم ثوه اخر وهذا يمكن قدم قلم حرم,1
بنز غلى شعب هيوسع احا حكم,0
دعو صري الى شهد وثق ذبح تحد لتى جمع ساذ عمر طهر سحل ضرب رصص عذب بنت تفل حسب اخو,0
امي يوم حدد امي ايم عيد لأم,1
مصر خسر روح بنئ تعض بمل سعد اوالامار,0
شكل زمن كشف غاز حول محط كهرب ازت لغز ده كوس لان ولر غلى رات,0
جزر حجة جنب قنت شملول اون تى فى الى وقع كرث حدث سبق وقع حدث,0
حفد سلط عبدالحميد رشح رلم ترك قدم شعر ربع تحة رسى رئيسى ترك كلن قطر,1
شوكولاته قهه يرز حلم شتا ليل ونت حاج فرح,1
يكس سعى خطف وهب غرب اصل ستر عقل ميل ميل يكس,0
وحي عين اخذ صوت اخذ وجه حسن طرب صيل مصر جيز قهر شدي هرم سيط,1
صوت جمع برع اخو دخل لجن درس حمد عدد شرك وطؤ قضة شرف,0
جيش يخن رسي فقط خان شعب صري أكمل,0
ومن موبايل غطس بطن قعد ادر لقش وخر حجه نفض بطن قعد موبايل خبط وطى اصل عدي,0
صطفى حسن,1
راهيم حلب يعل فتح خط طير قهر جام عصم تشد اغسطسويكلف وزر طير تخذ جرء,0
سور فى قلب الل نصر يرب يشف صدر,1
رئس لسط حمد عبس هولوكوست بشع جرم عرف بشر ارخ حدث لسط يقل كلم,0
شتا الل فات يلم عظم رفو,1
حكك خلق عدم فرح,1
شيف عيب غلط ومبنسالش ليه وكل يقل عنى يدى ايه كاريوكى,0
طبق شرع,0
صور شهد رضا رمض سنة شهد رصص قوت امن قلب فيم نخب عرص,0
عرف سفر يدن وطن ان جرى حقق حاد عدل عرف سعد سفر برك وليس سفر مصر,0
ودف عبط ايد,0
كده بعد قفل الن ترل كنا رسل لنك رفر برة وهم الل يجز خير رسل صفح تمر كده تخل,0
حقق فجر شبب سعد اخو ومت شبب اخو فاد عبد بيد صاف اخو,0
